{
  "n_total": 1073,
  "n_valid": 613,
  "n_tie": 460,
  "n_unparseable": 0,
  "parse_rate": 0.5712954333643989,
  "accuracy": 0.8107667210440457,
  "macro_f1": 0.8107259215093375,
  "classification_report": {
    "A": {
      "precision": 0.8026315789473685,
      "recall": 0.8133333333333334,
      "f1-score": 0.8079470198675497,
      "support": 300.0
    },
    "B": {
      "precision": 0.8187702265372169,
      "recall": 0.8083067092651757,
      "f1-score": 0.8135048231511254,
      "support": 313.0
    },
    "accuracy": 0.8107667210440457,
    "macro avg": {
      "precision": 0.8107009027422927,
      "recall": 0.8108200212992545,
      "f1-score": 0.8107259215093375,
      "support": 613.0
    },
    "weighted avg": {
      "precision": 0.8108720303268506,
      "recall": 0.8107667210440457,
      "f1-score": 0.8107848541705827,
      "support": 613.0
    }
  },
  "pred_distribution": {
    "B": 309,
    "Tie": 460,
    "A": 304
  },
  "position_bias_A": 0.49592169657422513,
  "per_domain": {
    "code": {
      "n": 164,
      "accuracy": 0.8719512195121951,
      "macro_f1": 0.8719083571986461
    },
    "general": {
      "n": 350,
      "accuracy": 0.8028571428571428,
      "macro_f1": 0.8026622214595642
    },
    "stem": {
      "n": 99,
      "accuracy": 0.7373737373737373,
      "macro_f1": 0.7373469387755103
    }
  },
  "policy": "learned_topk",
  "k": 15,
  "score_method": "compare_checklists_pairwise_weighted",
  "tie_delta": 0.05,
  "aggregate_na_policy": "as_no",
  "aggregate_coverage_threshold": 0.8,
  "question_weights": "results/dynamic_test/question_weights/hr_oracle_k15_qwen36_27b_weights_human_contrastive_gated_t1_b03.parquet",
  "weight_column": "importance_softmax",
  "weight_transform": "none",
  "weight_temperature": 1.0,
  "weighted_na_policy": "ignore",
  "tau_escalate": 0.05,
  "tau_hard": 0.03,
  "n_min": 8,
  "avg_k": 15.0,
  "tie_rate": 0.42870456663560114,
  "parse_ok_rate": 0.9981360671015843,
  "selector_inference_time_s": 0.0,
  "selector_picks": "results/dynamic_test/selector_v4_human_contrastive_gated_t1_b03_best_test_top58.parquet",
  "judge_mode": "local",
  "judge_url": null,
  "judge_model": "/root/autodl-tmp/Thesis/models/Qwen3.5-9B",
  "http_extra_body": null,
  "http_reasoning_effort": null,
  "latency_p50_s": 0.4587545999276338,
  "latency_p90_s": 0.4587545999276338,
  "samples_per_second_estimate": 2.1798146550633932
}