{"eval/loss":0.6466662883758545,"eval/runtime":242.2844,"train_steps_per_second":0.042,"eval/rewards/rejected":0.4483861070291605,"eval/rewards/margins":0.15957277694158256,"eval/logps/rejected":-221.579908536911,"train/num_tokens":5.6098109e+07,"train_runtime":22360.8613,"train_loss":0.6545678474905646,"train/loss":0.6571505069732666,"eval/logits/rejected":-1.832895831900658,"train/grad_norm":0.10400315374135971,"_runtime":22358,"eval/samples_per_second":4.127,"eval/logps/chosen":-255.2676925125122,"_wandb":{"runtime":22358},"train/logits/rejected":-1.81936371582992,"train/global_step":939,"eval/logits/chosen":-1.83082832314682,"eval/num_tokens":5.6615796e+07,"eval/mean_token_accuracy":0.7219590992927551,"total_flos":2.9136384809862636e+18,"train/logps/chosen":-262.5623635649681,"train/rewards/accuracies":0.5625,"train/epoch":3,"eval/rewards/accuracies":0.605,"eval/steps_per_second":4.127,"eval/entropy":NaN,"train/logps/rejected":-230.13513718247412,"train/rewards/rejected":0.456789023802412,"eval/rewards/chosen":0.6079588838247583,"train/entropy":NaN,"_timestamp":1.7758371844537997e+09,"train/learning_rate":2.242152466367713e-08,"train_samples_per_second":1.342,"train/rewards/chosen":0.5747890431210181,"train/mean_token_accuracy":0.7125152502208948,"train/rewards/margins":0.11800001925294054,"train/logits/chosen":-1.820973016133988,"_step":106}