{
  "n_total": 600,
  "n_valid": 398,
  "n_tie": 202,
  "n_unparseable": 0,
  "parse_rate": 0.6633333333333333,
  "accuracy": 0.7939698492462312,
  "macro_f1": 0.793086833029012,
  "classification_report": {
    "A": {
      "precision": 0.8100558659217877,
      "recall": 0.7512953367875648,
      "f1-score": 0.7795698924731183,
      "support": 193.0
    },
    "B": {
      "precision": 0.7808219178082192,
      "recall": 0.8341463414634146,
      "f1-score": 0.8066037735849056,
      "support": 205.0
    },
    "accuracy": 0.7939698492462312,
    "macro avg": {
      "precision": 0.7954388918650035,
      "recall": 0.7927208391254896,
      "f1-score": 0.793086833029012,
      "support": 398.0
    },
    "weighted avg": {
      "precision": 0.7949981790793718,
      "recall": 0.7939698492462312,
      "f1-score": 0.7934943789754209,
      "support": 398.0
    }
  },
  "pred_distribution": {
    "B": 219,
    "A": 179,
    "Tie": 202
  },
  "position_bias_A": 0.44974874371859297,
  "per_domain": {
    "code": {
      "n": 126,
      "accuracy": 0.8174603174603174,
      "macro_f1": 0.8165242165242166
    },
    "general": {
      "n": 211,
      "accuracy": 0.7867298578199052,
      "macro_f1": 0.7860378123802871
    },
    "stem": {
      "n": 61,
      "accuracy": 0.7704918032786885,
      "macro_f1": 0.7689393939393939
    }
  },
  "policy": "learned_topk",
  "k": 10,
  "score_method": "compare_checklists_pairwise",
  "tie_delta": 0.05,
  "aggregate_na_policy": "as_no",
  "aggregate_coverage_threshold": 0.8,
  "tau_escalate": 0.05,
  "tau_hard": 0.03,
  "n_min": 8,
  "avg_k": 10.0,
  "tie_rate": 0.33666666666666667,
  "parse_ok_rate": 0.9833333333333333,
  "selector_inference_time_s": 0.0,
  "selector_picks": "results/dynamic_dev_600/selector_v4bank_v4hr_noOracleFilter_best_dev600_k20_picks.parquet",
  "judge_mode": "local",
  "judge_url": null,
  "judge_model": "/root/autodl-tmp/Thesis/models/Qwen3.5-9B",
  "http_extra_body": null,
  "http_reasoning_effort": null,
  "latency_p50_s": 0.3856047523021698,
  "latency_p90_s": 0.3856047523021698,
  "samples_per_second_estimate": 2.5933290345352753
}