{
  "n_total": 1073,
  "n_valid": 759,
  "n_tie": 314,
  "n_unparseable": 0,
  "parse_rate": 0.7073625349487418,
  "accuracy": 0.7562582345191041,
  "macro_f1": 0.7560888756099298,
  "classification_report": {
    "A": {
      "precision": 0.7651933701657458,
      "recall": 0.7347480106100795,
      "f1-score": 0.7496617050067659,
      "support": 377.0
    },
    "B": {
      "precision": 0.7481108312342569,
      "recall": 0.7774869109947644,
      "f1-score": 0.7625160462130937,
      "support": 382.0
    },
    "accuracy": 0.7562582345191041,
    "macro avg": {
      "precision": 0.7566521007000013,
      "recall": 0.7561174608024219,
      "f1-score": 0.7560888756099298,
      "support": 759.0
    },
    "weighted avg": {
      "precision": 0.7565958341027303,
      "recall": 0.7562582345191041,
      "f1-score": 0.7561312153372233,
      "support": 759.0
    }
  },
  "pred_distribution": {
    "B": 397,
    "A": 362,
    "Tie": 314
  },
  "position_bias_A": 0.4769433465085639,
  "per_domain": {
    "code": {
      "n": 217,
      "accuracy": 0.7972350230414746,
      "macro_f1": 0.7971273159952406
    },
    "general": {
      "n": 425,
      "accuracy": 0.7388235294117647,
      "macro_f1": 0.7382438618393674
    },
    "stem": {
      "n": 117,
      "accuracy": 0.7435897435897436,
      "macro_f1": 0.7431206088992974
    }
  },
  "policy": "learned_topk",
  "k": 15,
  "score_method": "compare_checklists_pairwise",
  "tie_delta": 0.05,
  "aggregate_na_policy": "as_no",
  "aggregate_coverage_threshold": 0.8,
  "tau_escalate": 0.05,
  "tau_hard": 0.03,
  "n_min": 8,
  "avg_k": 15.0,
  "tie_rate": 0.29263746505125815,
  "parse_ok_rate": 0.9804287045666356,
  "selector_inference_time_s": 0.0,
  "selector_picks": "results/dynamic_test/selector_v4bank_v4hr_noOracleFilter_best_test_k20_picks.parquet",
  "judge_mode": "local",
  "judge_url": null,
  "judge_model": "/root/autodl-tmp/Thesis/models/Qwen3.5-9B",
  "http_extra_body": null,
  "http_reasoning_effort": null,
  "latency_p50_s": 0.45442329270753035,
  "latency_p90_s": 0.45442329270753035,
  "samples_per_second_estimate": 2.200591422243855
}