{
  "n_total": 600,
  "n_valid": 486,
  "n_tie": 114,
  "n_unparseable": 0,
  "parse_rate": 0.81,
  "accuracy": 0.7654320987654321,
  "macro_f1": 0.7651098901098901,
  "classification_report": {
    "A": {
      "precision": 0.7763157894736842,
      "recall": 0.7375,
      "f1-score": 0.7564102564102564,
      "support": 240.0
    },
    "B": {
      "precision": 0.7558139534883721,
      "recall": 0.7926829268292683,
      "f1-score": 0.7738095238095238,
      "support": 246.0
    },
    "accuracy": 0.7654320987654321,
    "macro avg": {
      "precision": 0.7660648714810281,
      "recall": 0.7650914634146342,
      "f1-score": 0.7651098901098901,
      "support": 486.0
    },
    "weighted avg": {
      "precision": 0.7659383169379089,
      "recall": 0.7654320987654321,
      "f1-score": 0.7652172929950709,
      "support": 486.0
    }
  },
  "pred_distribution": {
    "B": 258,
    "A": 228,
    "Tie": 114
  },
  "position_bias_A": 0.4691358024691358,
  "per_domain": {
    "code": {
      "n": 142,
      "accuracy": 0.8169014084507042,
      "macro_f1": 0.8165739268680445
    },
    "general": {
      "n": 266,
      "accuracy": 0.7293233082706767,
      "macro_f1": 0.7290782549652011
    },
    "stem": {
      "n": 78,
      "accuracy": 0.7948717948717948,
      "macro_f1": 0.7943309162821358
    }
  },
  "policy": "learned_topk",
  "k": 15,
  "tie_delta": 0.0,
  "tau_escalate": 0.05,
  "tau_hard": 0.03,
  "n_min": 8,
  "avg_k": 15.0,
  "tie_rate": 0.19,
  "parse_ok_rate": 0.9983333333333333,
  "selector_inference_time_s": 0.0,
  "selector_picks": "results/dynamic_eval/sweep_v4_9b_5k_e2_dev600/selector/dev_600_top15.parquet",
  "judge_mode": "local",
  "latency_p50_s": 0.4741891694068909,
  "latency_p90_s": 0.4741891694068909,
  "samples_per_second_estimate": 2.108863011887821
}