{
  "n_total": 600,
  "n_valid": 406,
  "n_tie": 194,
  "n_unparseable": 0,
  "parse_rate": 0.6766666666666666,
  "accuracy": 0.8004926108374384,
  "macro_f1": 0.7996063543907328,
  "classification_report": {
    "A": {
      "precision": 0.8010752688172043,
      "recall": 0.772020725388601,
      "f1-score": 0.7862796833773087,
      "support": 193.0
    },
    "B": {
      "precision": 0.8,
      "recall": 0.8262910798122066,
      "f1-score": 0.812933025404157,
      "support": 213.0
    },
    "accuracy": 0.8004926108374384,
    "macro avg": {
      "precision": 0.8005376344086022,
      "recall": 0.7991559026004038,
      "f1-score": 0.7996063543907328,
      "support": 406.0
    },
    "weighted avg": {
      "precision": 0.8005111499549764,
      "recall": 0.8004926108374384,
      "f1-score": 0.8002628406475518,
      "support": 406.0
    }
  },
  "pred_distribution": {
    "B": 220,
    "A": 186,
    "Tie": 194
  },
  "position_bias_A": 0.458128078817734,
  "per_domain": {
    "code": {
      "n": 119,
      "accuracy": 0.865546218487395,
      "macro_f1": 0.8653084323712508
    },
    "general": {
      "n": 220,
      "accuracy": 0.7636363636363637,
      "macro_f1": 0.7629310344827587
    },
    "stem": {
      "n": 67,
      "accuracy": 0.8059701492537313,
      "macro_f1": 0.8015493278651173
    }
  },
  "policy": "learned_topk",
  "k": 15,
  "tie_delta": 0.08,
  "tau_escalate": 0.05,
  "tau_hard": 0.03,
  "n_min": 8,
  "avg_k": 15.0,
  "tie_rate": 0.3233333333333333,
  "parse_ok_rate": 0.9983333333333333,
  "selector_inference_time_s": 0.0,
  "selector_picks": "/root/autodl-tmp/Thesis/results/dynamic_eval/sweep_v4_9b_5k_e2_dev600/selector/dev_600_top15.parquet",
  "judge_mode": "local",
  "judge_out_dir": "/root/autodl-tmp/Thesis/results/dynamic_eval/sweep_v4_9b_5k_e2_dev600/judge_runs/learned_topk_k15",
  "latency_p50_s": 0.4744450290997823,
  "latency_p90_s": 0.4744450290997823,
  "samples_per_second_estimate": 2.107725739897438
}