{
  "n_total": 600,
  "n_valid": 439,
  "n_tie": 161,
  "n_unparseable": 0,
  "parse_rate": 0.7316666666666667,
  "accuracy": 0.7790432801822323,
  "macro_f1": 0.7782655106875993,
  "classification_report": {
    "A": {
      "precision": 0.7860696517412935,
      "recall": 0.7452830188679245,
      "f1-score": 0.7651331719128329,
      "support": 212.0
    },
    "B": {
      "precision": 0.773109243697479,
      "recall": 0.8105726872246696,
      "f1-score": 0.7913978494623656,
      "support": 227.0
    },
    "accuracy": 0.7790432801822323,
    "macro avg": {
      "precision": 0.7795894477193863,
      "recall": 0.777927853046297,
      "f1-score": 0.7782655106875993,
      "support": 439.0
    },
    "weighted avg": {
      "precision": 0.7793680284475671,
      "recall": 0.7790432801822323,
      "f1-score": 0.7787142238575798,
      "support": 439.0
    }
  },
  "pred_distribution": {
    "B": 238,
    "A": 201,
    "Tie": 161
  },
  "position_bias_A": 0.45785876993166286,
  "per_domain": {
    "code": {
      "n": 132,
      "accuracy": 0.8409090909090909,
      "macro_f1": 0.8408268733850129
    },
    "general": {
      "n": 244,
      "accuracy": 0.75,
      "macro_f1": 0.7492883251638115
    },
    "stem": {
      "n": 63,
      "accuracy": 0.7619047619047619,
      "macro_f1": 0.7557508400103385
    }
  },
  "policy": "learned_topk",
  "k": 15,
  "score_method": "compare_checklists_pairwise",
  "tie_delta": 0.05,
  "aggregate_na_policy": "as_no",
  "aggregate_coverage_threshold": 0.8,
  "tau_escalate": 0.05,
  "tau_hard": 0.03,
  "n_min": 8,
  "avg_k": 15.0,
  "tie_rate": 0.2683333333333333,
  "parse_ok_rate": 0.9933333333333333,
  "selector_inference_time_s": 0.0,
  "selector_picks": "results/dynamic_dev_600/selector_v4bank_v4hr_noOracleFilter_best_dev600_k20_picks.parquet",
  "judge_mode": "local",
  "judge_url": null,
  "judge_model": "/root/autodl-tmp/Thesis/models/Qwen3.5-9B",
  "http_extra_body": null,
  "http_reasoning_effort": null,
  "latency_p50_s": 0.4691348946094513,
  "latency_p90_s": 0.4691348946094513,
  "samples_per_second_estimate": 2.1315830723538207
}