{
  "schema_version": "1.0",
  "source_file": "results/finetuned_checkeval_final_adapter_test_unified_20260509_2026-05-09_metrics.json",
  "method": "ft_checkeval",
  "family": "ft_checkeval",
  "split": {
    "name": "test",
    "n_total": 1073,
    "split_sha256": "bef75e3a6e2a01e110d01b7a7eb36d7f4bd0ac1f4a494c9de833574979b28fab"
  },
  "model": {
    "base_id": "/root/autodl-tmp/Thesis/models/Qwen3.5-9B",
    "base_sha256": null,
    "adapter_path": "/root/autodl-tmp/Thesis/results/checkpoints/joint_dpo_tier_10k_r16_b0.1_lr1e-06_lam1.0/final_adapter",
    "adapter_sha256": null,
    "backend": null,
    "max_model_len": null,
    "tensor_parallel_size": null,
    "enable_thinking": null
  },
  "prompt": {
    "template_id": "checkeval",
    "na_policy": null,
    "tie_delta": 0.0,
    "scoring": "pairwise_per_question"
  },
  "checklist": {
    "source": "static",
    "bank": "v3_frozen",
    "bank_sha256": null,
    "n_questions": 58,
    "avg_length": null
  },
  "seed": null,
  "counts": {
    "n_total": 1073,
    "n_valid": 987,
    "n_tie": 84,
    "n_unparseable": 2
  },
  "metrics": {
    "valid_accuracy": 0.7315096251266464,
    "real_accuracy": 0.6728797763280522,
    "macro_f1": 0.7314699314699314,
    "parse_rate": 0.9981360671015843,
    "position_bias_A": 0.49746707193515705
  },
  "per_domain": {
    "code": {
      "n": 262,
      "accuracy": 0.7748091603053435,
      "macro_f1": 0.7742533771449434
    },
    "general": {
      "n": 572,
      "accuracy": 0.722027972027972,
      "macro_f1": 0.7217822236497958
    },
    "stem": {
      "n": 153,
      "accuracy": 0.6928104575163399,
      "macro_f1": 0.691968301563504
    }
  },
  "classification_report": {
    "A": {
      "precision": 0.7230142566191446,
      "recall": 0.7334710743801653,
      "f1-score": 0.7282051282051282,
      "support": 484.0
    },
    "B": {
      "precision": 0.7399193548387096,
      "recall": 0.7296222664015904,
      "f1-score": 0.7347347347347347,
      "support": 503.0
    },
    "accuracy": 0.7315096251266464,
    "macro avg": {
      "precision": 0.7314668057289271,
      "recall": 0.731546670390878,
      "f1-score": 0.7314699314699314,
      "support": 987.0
    },
    "weighted avg": {
      "precision": 0.7316295194402603,
      "recall": 0.7315096251266464,
      "f1-score": 0.73153277975973,
      "support": 987.0
    }
  },
  "pred_distribution": {
    "A": 491,
    "B": 496,
    "Tie": 84,
    "null": 2
  },
  "timing": {
    "inference_time_s": 1199.8201627731323,
    "samples_per_second": 0.8943006904634657
  },
  "provenance": {
    "git_sha_at_normalize": "45805ef9db0a171f82a2ea354c930d7ed8ac1c2d",
    "git_sha_at_run": null,
    "normalized_at": null
  }
}