{
  "schema_version": "1.0",
  "source_file": "results/finetuned_vanilla_final_adapter_test_2026-05-09_metrics.json",
  "method": "ft_vanilla",
  "family": "ft_vanilla",
  "split": {
    "name": "test",
    "n_total": 1073,
    "split_sha256": "bef75e3a6e2a01e110d01b7a7eb36d7f4bd0ac1f4a494c9de833574979b28fab"
  },
  "model": {
    "base_id": "/root/autodl-tmp/Thesis/models/Qwen3.5-9B",
    "base_sha256": null,
    "adapter_path": "/root/autodl-tmp/Thesis/results/checkpoints/judge_warmup_tier_5k_r16_lr5e-06/final_adapter",
    "adapter_sha256": null,
    "backend": null,
    "max_model_len": null,
    "tensor_parallel_size": null,
    "enable_thinking": null
  },
  "prompt": {
    "template_id": "vanilla",
    "na_policy": null,
    "tie_delta": null,
    "scoring": null
  },
  "checklist": {
    "source": "none",
    "bank": null,
    "bank_sha256": null,
    "n_questions": null,
    "avg_length": null
  },
  "seed": null,
  "counts": {
    "n_total": 1073,
    "n_valid": 1072,
    "n_tie": 0,
    "n_unparseable": 1
  },
  "metrics": {
    "valid_accuracy": 0.726679104477612,
    "real_accuracy": 0.7260018639328985,
    "macro_f1": 0.7244228027461561,
    "parse_rate": 0.9990680335507922,
    "position_bias_A": 0.5923507462686567
  },
  "per_domain": {
    "code": {
      "n": 280,
      "accuracy": 0.7571428571428571,
      "macro_f1": 0.7484675544282393
    },
    "general": {
      "n": 632,
      "accuracy": 0.7167721518987342,
      "macro_f1": 0.715689502215364
    },
    "stem": {
      "n": 160,
      "accuracy": 0.7125,
      "macro_f1": 0.7120951337818808
    }
  },
  "classification_report": {
    "A": {
      "precision": 0.6897637795275591,
      "recall": 0.8202247191011236,
      "f1-score": 0.7493584260051326,
      "support": 534.0
    },
    "B": {
      "precision": 0.7803203661327232,
      "recall": 0.6338289962825279,
      "f1-score": 0.6994871794871795,
      "support": 538.0
    },
    "accuracy": 0.726679104477612,
    "macro avg": {
      "precision": 0.7350420728301411,
      "recall": 0.7270268576918257,
      "f1-score": 0.7244228027461561,
      "support": 1072.0
    },
    "weighted avg": {
      "precision": 0.7352110216857478,
      "recall": 0.726679104477612,
      "f1-score": 0.7243297593757867,
      "support": 1072.0
    }
  },
  "pred_distribution": {
    "A": 635,
    "B": 437,
    "null": 1
  },
  "timing": {
    "inference_time_s": 219.2377941608429,
    "samples_per_second": 4.8942291364818145
  },
  "provenance": {
    "git_sha_at_normalize": "45805ef9db0a171f82a2ea354c930d7ed8ac1c2d",
    "git_sha_at_run": null,
    "normalized_at": null
  }
}