{
  "schema_version": "1.0",
  "source_file": "results/selfchecklist_base_test_unified_20260510_4B_zs_test_metrics.json",
  "method": "selfcheck_base_Qwen3.5-4B",
  "family": "selfcheck",
  "split": {
    "name": "test",
    "n_total": 1073,
    "split_sha256": "bef75e3a6e2a01e110d01b7a7eb36d7f4bd0ac1f4a494c9de833574979b28fab"
  },
  "model": {
    "base_id": "/root/autodl-tmp/Thesis/models/Qwen3.5-4B",
    "base_sha256": null,
    "adapter_path": "base",
    "adapter_sha256": null,
    "backend": null,
    "max_model_len": null,
    "tensor_parallel_size": null,
    "enable_thinking": null
  },
  "prompt": {
    "template_id": null,
    "na_policy": null,
    "tie_delta": 0.0,
    "scoring": null
  },
  "checklist": {
    "source": "self",
    "bank": "self",
    "bank_sha256": null,
    "n_questions": null,
    "avg_length": 8.344827586206897
  },
  "seed": null,
  "counts": {
    "n_total": 1073,
    "n_valid": 1070,
    "n_tie": 0,
    "n_unparseable": 3
  },
  "metrics": {
    "valid_accuracy": 0.6981308411214954,
    "real_accuracy": 0.6961789375582479,
    "macro_f1": 0.6900278123825643,
    "parse_rate": 0.9972041006523765,
    "position_bias_A": 0.6635514018691588
  },
  "per_domain": {
    "code": {
      "n": 280,
      "n_valid": 280,
      "accuracy": 0.775,
      "valid_accuracy": 0.775,
      "macro_f1": 0.7659701492537313
    },
    "general": {
      "n": 633,
      "n_valid": 631,
      "accuracy": 0.674565560821485,
      "valid_accuracy": 0.6767036450079239,
      "macro_f1": 0.6688788739350537
    },
    "stem": {
      "n": 160,
      "n_valid": 159,
      "accuracy": 0.64375,
      "valid_accuracy": 0.6477987421383647,
      "macro_f1": 0.6415458937198067
    }
  },
  "classification_report": {
    "A": {
      "precision": 0.647887323943662,
      "recall": 0.8630393996247655,
      "f1-score": 0.7401448109412712,
      "support": 533.0
    },
    "B": {
      "precision": 0.7972222222222223,
      "recall": 0.5344506517690876,
      "f1-score": 0.6399108138238573,
      "support": 537.0
    },
    "accuracy": 0.6981308411214954,
    "macro avg": {
      "precision": 0.7225547730829421,
      "recall": 0.6987450256969265,
      "f1-score": 0.6900278123825643,
      "support": 1070.0
    },
    "weighted avg": {
      "precision": 0.7228339037339301,
      "recall": 0.6981308411214954,
      "f1-score": 0.6898404591169243,
      "support": 1070.0
    }
  },
  "pred_distribution": {
    "A": 710,
    "B": 360,
    "null": 3
  },
  "timing": {
    "inference_time_s": 229.7578203678131,
    "samples_per_second": null
  },
  "provenance": {
    "git_sha_at_normalize": "45805ef9db0a171f82a2ea354c930d7ed8ac1c2d",
    "git_sha_at_run": null,
    "normalized_at": null
  }
}