{
  "schema_version": "1.0",
  "source_file": "results/selfchecklist_checkpoint-200_test_unified_20260509_ckpt200_metrics.json",
  "method": "selfcheck_checkpoint-200",
  "family": "selfcheck",
  "split": {
    "name": "test",
    "n_total": 1073,
    "split_sha256": "bef75e3a6e2a01e110d01b7a7eb36d7f4bd0ac1f4a494c9de833574979b28fab"
  },
  "model": {
    "base_id": "/root/autodl-tmp/Thesis/models/Qwen3.5-4B",
    "base_sha256": null,
    "adapter_path": "/root/autodl-tmp/Thesis/checkpoints/judge_sft_swift_Qwen3.5-4B_train_debug_5k_selfcheck_r16_lr3e-5/v1-20260506-170128/checkpoint-200",
    "adapter_sha256": null,
    "backend": null,
    "max_model_len": null,
    "tensor_parallel_size": null,
    "enable_thinking": null
  },
  "prompt": {
    "template_id": null,
    "na_policy": null,
    "tie_delta": 0.0,
    "scoring": null
  },
  "checklist": {
    "source": "self",
    "bank": "self",
    "bank_sha256": null,
    "n_questions": null,
    "avg_length": 7.620547945205479
  },
  "seed": null,
  "counts": {
    "n_total": 1073,
    "n_valid": 951,
    "n_tie": 0,
    "n_unparseable": 122
  },
  "metrics": {
    "valid_accuracy": 0.7875920084121977,
    "real_accuracy": 0.6980428704566636,
    "macro_f1": 0.7875898946474538,
    "parse_rate": 0.8863000931966449,
    "position_bias_A": 0.508937960042061
  },
  "per_domain": {
    "code": {
      "n": 233,
      "accuracy": 0.8111587982832618,
      "macro_f1": 0.8109882005899705
    },
    "general": {
      "n": 569,
      "accuracy": 0.7803163444639719,
      "macro_f1": 0.7803054873434339
    },
    "stem": {
      "n": 149,
      "accuracy": 0.7785234899328859,
      "macro_f1": 0.7785234899328859
    }
  },
  "classification_report": {
    "A": {
      "precision": 0.7768595041322314,
      "recall": 0.8,
      "f1-score": 0.7882599580712788,
      "support": 470.0
    },
    "B": {
      "precision": 0.7987152034261242,
      "recall": 0.7754677754677755,
      "f1-score": 0.7869198312236287,
      "support": 481.0
    },
    "accuracy": 0.7875920084121977,
    "macro avg": {
      "precision": 0.7877873537791777,
      "recall": 0.7877338877338877,
      "f1-score": 0.7875898946474538,
      "support": 951.0
    },
    "weighted avg": {
      "precision": 0.7879137537225179,
      "recall": 0.7875920084121977,
      "f1-score": 0.7875821441767261,
      "support": 951.0
    }
  },
  "pred_distribution": {
    "null": 122,
    "A": 484,
    "B": 467
  },
  "timing": {
    "inference_time_s": 567.782865524292,
    "samples_per_second": null
  },
  "provenance": {
    "git_sha_at_normalize": "45805ef9db0a171f82a2ea354c930d7ed8ac1c2d",
    "git_sha_at_run": null,
    "normalized_at": null
  }
}