{
  "format_only": {
    "count": 80,
    "reward_delta": {
      "mean": 0.010390257632211068,
      "median": 0.0,
      "p25": 0.0,
      "p75": 0.0,
      "min": -0.01970370265655008,
      "max": 0.8509243132334355
    },
    "parse_rate": 1.0
  },
  "length_only": {
    "count": 80,
    "reward_delta": {
      "mean": -0.0012599421259223142,
      "median": 0.0,
      "p25": 0.0,
      "p75": 0.0,
      "min": -0.04086907905094428,
      "max": 0.0
    },
    "parse_rate": 1.0
  },
  "content_damage": {
    "count": 80,
    "reward_delta": {
      "mean": 0.02554606688053689,
      "median": 0.0,
      "p25": -0.036040421980527926,
      "p75": 0.11986928401854946,
      "min": -0.9141061042031083,
      "max": 1.0483570993059128
    },
    "parse_rate": 1.0
  },
  "length_only_warning": false
}