{
  "format_only": {
    "count": 80,
    "reward_delta": {
      "mean": -0.037816919191919186,
      "median": 0.0,
      "p25": 0.0,
      "p75": 0.0,
      "min": -2.05,
      "max": 0.10909090909090946
    },
    "parse_rate": 0.9875
  },
  "length_only": {
    "count": 80,
    "reward_delta": {
      "mean": -0.037595627325890474,
      "median": 0.0,
      "p25": 0.0,
      "p75": 0.0,
      "min": -2.05,
      "max": 1.063157894736842
    },
    "parse_rate": 0.9875
  },
  "content_damage": {
    "count": 80,
    "reward_delta": {
      "mean": 0.0894279250211408,
      "median": 0.0,
      "p25": -0.04616228070175432,
      "p75": 0.1281391402714932,
      "min": -1.1600000000000001,
      "max": 2.126060606060606
    },
    "parse_rate": 1.0
  },
  "length_only_warning": false
}