{
  "n_primary_rows": 80,
  "parse_rate": 1.0,
  "valid_rate": 1.0,
  "exception_rate": 0.0,
  "nan_rate": 0.0,
  "timeout_rate": 0.0,
  "zero_variance_group_rate": 0.05,
  "group_reward_std": {
    "mean": 0.25225473730006776,
    "median": 0.3696858402144487,
    "p25": 0.06500142560862332,
    "p75": 0.43106420788836397,
    "min": 0.0,
    "max": 0.4655426448112905
  },
  "group_reward_range": {
    "mean": 0.5786447255455504,
    "median": 0.8543071241054351,
    "p25": 0.15034170443171122,
    "p75": 0.9836850527939548,
    "min": 0.0,
    "max": 1.086318124098639
  },
  "reward_selected_candidate_accuracy": 0.85,
  "best_of_k_accuracy": 0.85,
  "pairwise_ranking_accuracy": {
    "mean": 0.7566666666666666,
    "median": 1.0,
    "p25": 0.475,
    "p75": 1.0,
    "min": 0.0,
    "max": 1.0
  },
  "reward_length_corr": 0.10309449124631284,
  "reward_format_corr": null,
  "reward_n_questions_corr": 0.08676018453235598,
  "pipeline_metrics": {
    "n_total": 80,
    "n_valid": 59,
    "n_tie": 21,
    "n_unparseable": 0,
    "parse_rate": 0.7375,
    "accuracy": 0.7966101694915254,
    "macro_f1": 0.719047619047619,
    "classification_report": {
      "A": {
        "precision": 0.8863636363636364,
        "recall": 0.8478260869565217,
        "f1-score": 0.8666666666666667,
        "support": 46.0
      },
      "B": {
        "precision": 0.5333333333333333,
        "recall": 0.6153846153846154,
        "f1-score": 0.5714285714285714,
        "support": 13.0
      },
      "accuracy": 0.7966101694915254,
      "macro avg": {
        "precision": 0.7098484848484848,
        "recall": 0.7316053511705686,
        "f1-score": 0.719047619047619,
        "support": 59.0
      },
      "weighted avg": {
        "precision": 0.8085772984078068,
        "recall": 0.7966101694915254,
        "f1-score": 0.8016142050040356,
        "support": 59.0
      }
    },
    "pred_distribution": {
      "Tie": 21,
      "A": 44,
      "B": 15
    },
    "position_bias_A": 0.7457627118644068,
    "per_domain": {
      "code": {
        "n": 59,
        "accuracy": 0.7966101694915254,
        "macro_f1": 0.719047619047619
      }
    }
  },
  "stability": {},
  "perturbations": {}
}