{
  "n_primary_rows": 80,
  "parse_rate": 1.0,
  "valid_rate": 1.0,
  "exception_rate": 0.0,
  "nan_rate": 0.0,
  "timeout_rate": 0.0,
  "zero_variance_group_rate": 0.65,
  "group_reward_std": {
    "mean": 0.1582531754730548,
    "median": 0.0,
    "p25": 0.0,
    "p75": 0.4330127018922193,
    "min": 0.0,
    "max": 0.5
  },
  "group_reward_range": {
    "mean": 0.35,
    "median": 0.0,
    "p25": 0.0,
    "p75": 1.0,
    "min": 0.0,
    "max": 1.0
  },
  "reward_selected_candidate_accuracy": 0.55,
  "best_of_k_accuracy": 0.95,
  "pairwise_ranking_accuracy": {
    "mean": 0.0,
    "median": 0.0,
    "p25": 0.0,
    "p75": 0.0,
    "min": 0.0,
    "max": 0.0
  },
  "reward_length_corr": 0.22964130855516626,
  "reward_format_corr": null,
  "reward_n_questions_corr": 0.1803642500587853,
  "pipeline_metrics": {
    "n_total": 80,
    "n_valid": 67,
    "n_tie": 13,
    "n_unparseable": 0,
    "parse_rate": 0.8375,
    "accuracy": 0.8208955223880597,
    "macro_f1": 0.7919254658385093,
    "classification_report": {
      "A": {
        "precision": 0.9302325581395349,
        "recall": 0.8163265306122449,
        "f1-score": 0.8695652173913043,
        "support": 49.0
      },
      "B": {
        "precision": 0.625,
        "recall": 0.8333333333333334,
        "f1-score": 0.7142857142857143,
        "support": 18.0
      },
      "accuracy": 0.8208955223880597,
      "macro avg": {
        "precision": 0.7776162790697674,
        "recall": 0.8248299319727892,
        "f1-score": 0.7919254658385093,
        "support": 67.0
      },
      "weighted avg": {
        "precision": 0.8482297813259285,
        "recall": 0.8208955223880597,
        "f1-score": 0.8278483359599518,
        "support": 67.0
      }
    },
    "pred_distribution": {
      "B": 24,
      "A": 43,
      "Tie": 13
    },
    "position_bias_A": 0.6417910447761194,
    "per_domain": {
      "code": {
        "n": 67,
        "accuracy": 0.8208955223880597,
        "macro_f1": 0.7919254658385093
      }
    }
  },
  "stability": {},
  "perturbations": {}
}