{
  "n_primary_rows": 200,
  "parse_rate": 0.98,
  "valid_rate": 0.98,
  "exception_rate": 0.0,
  "nan_rate": 0.0,
  "timeout_rate": 0.0,
  "zero_variance_group_rate": 0.48,
  "group_reward_std": {
    "mean": 0.23856406460551016,
    "median": 0.4330127018922193,
    "p25": 0.0,
    "p75": 0.4330127018922193,
    "min": 0.0,
    "max": 0.5
  },
  "group_reward_range": {
    "mean": 0.52,
    "median": 1.0,
    "p25": 0.0,
    "p75": 1.0,
    "min": 0.0,
    "max": 1.0
  },
  "reward_selected_candidate_accuracy": 0.34,
  "best_of_k_accuracy": 0.84,
  "pairwise_ranking_accuracy": {
    "mean": 0.003333333333333333,
    "median": 0.0,
    "p25": 0.0,
    "p75": 0.0,
    "min": 0.0,
    "max": 0.16666666666666666
  },
  "reward_length_corr": 0.029029616816039168,
  "reward_format_corr": 0.04420650995107755,
  "reward_n_questions_corr": -0.02823412053322992,
  "pipeline_metrics": {
    "n_total": 200,
    "n_valid": 139,
    "n_tie": 57,
    "n_unparseable": 4,
    "parse_rate": 0.695,
    "accuracy": 0.7338129496402878,
    "macro_f1": 0.7335923335923336,
    "classification_report": {
      "A": {
        "precision": 0.803030303030303,
        "recall": 0.6883116883116883,
        "f1-score": 0.7412587412587412,
        "support": 77.0
      },
      "B": {
        "precision": 0.6712328767123288,
        "recall": 0.7903225806451613,
        "f1-score": 0.725925925925926,
        "support": 62.0
      },
      "accuracy": 0.7338129496402878,
      "macro avg": {
        "precision": 0.7371315898713159,
        "recall": 0.7393171344784248,
        "f1-score": 0.7335923335923336,
        "support": 139.0
      },
      "weighted avg": {
        "precision": 0.7442429617949475,
        "recall": 0.7338129496402878,
        "f1-score": 0.7344196437721617,
        "support": 139.0
      }
    },
    "pred_distribution": {
      "Tie": 57,
      "A": 66,
      "B": 73,
      "null": 4
    },
    "position_bias_A": 0.4748201438848921,
    "per_domain": {
      "code": {
        "n": 43,
        "accuracy": 0.7209302325581395,
        "macro_f1": 0.7207792207792207
      },
      "general": {
        "n": 72,
        "accuracy": 0.7083333333333334,
        "macro_f1": 0.7082770596179818
      },
      "stem": {
        "n": 24,
        "accuracy": 0.8333333333333334,
        "macro_f1": 0.8285714285714285
      }
    }
  },
  "stability": {},
  "perturbations": {}
}