{
  "n_primary_rows": 80,
  "parse_rate": 0.9875,
  "valid_rate": 0.9875,
  "exception_rate": 0.0,
  "nan_rate": 0.0,
  "timeout_rate": 0.0,
  "zero_variance_group_rate": 0.15,
  "group_reward_std": {
    "mean": 0.4569313167986643,
    "median": 0.4899591515649163,
    "p25": 0.02886751345948128,
    "p75": 0.7890612882325023,
    "min": 0.0,
    "max": 0.9899494936611666
  },
  "group_reward_range": {
    "mean": 1.096927157514417,
    "median": 1.1466666666666667,
    "p25": 0.06666666666666665,
    "p75": 2.037426900584795,
    "min": 0.0,
    "max": 2.333333333333333
  },
  "reward_selected_candidate_accuracy": 0.9,
  "best_of_k_accuracy": 0.9,
  "pairwise_ranking_accuracy": {
    "mean": 0.6807017543859648,
    "median": 0.8333333333333334,
    "p25": 0.5,
    "p75": 1.0,
    "min": 0.0,
    "max": 1.0
  },
  "reward_length_corr": -0.09670794733187864,
  "reward_format_corr": null,
  "reward_n_questions_corr": -0.06773035061149399,
  "pipeline_metrics": {
    "n_total": 80,
    "n_valid": 65,
    "n_tie": 14,
    "n_unparseable": 1,
    "parse_rate": 0.8125,
    "accuracy": 0.7692307692307693,
    "macro_f1": 0.6954076850984068,
    "classification_report": {
      "A": {
        "precision": 0.9111111111111111,
        "recall": 0.7884615384615384,
        "f1-score": 0.845360824742268,
        "support": 52.0
      },
      "B": {
        "precision": 0.45,
        "recall": 0.6923076923076923,
        "f1-score": 0.5454545454545454,
        "support": 13.0
      },
      "accuracy": 0.7692307692307693,
      "macro avg": {
        "precision": 0.6805555555555556,
        "recall": 0.7403846153846154,
        "f1-score": 0.6954076850984068,
        "support": 65.0
      },
      "weighted avg": {
        "precision": 0.818888888888889,
        "recall": 0.7692307692307693,
        "f1-score": 0.7853795688847236,
        "support": 65.0
      }
    },
    "pred_distribution": {
      "B": 20,
      "A": 45,
      "Tie": 14,
      "null": 1
    },
    "position_bias_A": 0.6923076923076923,
    "per_domain": {
      "code": {
        "n": 65,
        "accuracy": 0.7692307692307693,
        "macro_f1": 0.6954076850984068
      }
    }
  },
  "stability": {},
  "perturbations": {}
}