{"_wandb":{"runtime":1624},"train/entropy":NaN,"train/learning_rate":8.052805280528052e-07,"train/rewards/chosen":0.005307169761908881,"train/rewards/accuracies":0.434375,"_step":6,"train/rewards/margins":0.00019864529822370968,"train/logits/rejected":-1.7386827391444686,"train/logits/chosen":-1.7100534288754219,"train/logps/rejected":-229.04159053564072,"train/mean_token_accuracy":0.6804329576902092,"train/num_tokens":4.319361e+06,"train/epoch":0.224,"train/grad_norm":0.10542216151952744,"train/loss":0.6947687149047852,"train/logps/chosen":-260.9002486169338,"train/rewards/rejected":0.005108524600564124,"train/global_step":70,"_timestamp":1.775648376513212e+09,"_runtime":1624}