{
  "n_total": 1073,
  "n_valid": 612,
  "n_tie": 461,
  "n_unparseable": 0,
  "parse_rate": 0.570363466915191,
  "accuracy": 0.8006535947712419,
  "macro_f1": 0.8006514657980457,
  "classification_report": {
    "A": {
      "precision": 0.803921568627451,
      "recall": 0.7987012987012987,
      "f1-score": 0.8013029315960912,
      "support": 308.0
    },
    "B": {
      "precision": 0.7973856209150327,
      "recall": 0.8026315789473685,
      "f1-score": 0.8,
      "support": 304.0
    },
    "accuracy": 0.8006535947712419,
    "macro avg": {
      "precision": 0.8006535947712419,
      "recall": 0.8006664388243336,
      "f1-score": 0.8006514657980457,
      "support": 612.0
    },
    "weighted avg": {
      "precision": 0.8006749540774917,
      "recall": 0.8006535947712419,
      "f1-score": 0.800655723744438,
      "support": 612.0
    }
  },
  "pred_distribution": {
    "B": 306,
    "Tie": 461,
    "A": 306
  },
  "position_bias_A": 0.5,
  "per_domain": {
    "code": {
      "n": 168,
      "accuracy": 0.8511904761904762,
      "macro_f1": 0.8510585481754672
    },
    "general": {
      "n": 352,
      "accuracy": 0.7869318181818182,
      "macro_f1": 0.7869300985448294
    },
    "stem": {
      "n": 92,
      "accuracy": 0.7608695652173914,
      "macro_f1": 0.7607565011820331
    }
  },
  "policy": "learned_topk",
  "k": 15,
  "score_method": "compare_checklists_pairwise_weighted",
  "tie_delta": 0.05,
  "aggregate_na_policy": "as_no",
  "aggregate_coverage_threshold": 0.8,
  "question_weights": "results/dynamic_test/question_weights/hr_oracle_k15_qwen36_27b_weights_human_contrastive_gated_t1_b1.parquet",
  "weight_column": "importance_softmax",
  "weight_transform": "none",
  "weight_temperature": 1.0,
  "weighted_na_policy": "ignore",
  "tau_escalate": 0.05,
  "tau_hard": 0.03,
  "n_min": 8,
  "avg_k": 15.0,
  "tie_rate": 0.4296365330848089,
  "parse_ok_rate": 0.9981360671015843,
  "selector_inference_time_s": 0.0,
  "selector_picks": "results/dynamic_test/selector_v4_human_contrastive_gated_t1_b1_best_test_top58.parquet",
  "judge_mode": "local",
  "judge_url": null,
  "judge_model": "/root/autodl-tmp/Thesis/models/Qwen3.5-9B",
  "http_extra_body": null,
  "http_reasoning_effort": null,
  "latency_p50_s": 0.4495163957092769,
  "latency_p90_s": 0.4495163957092769,
  "samples_per_second_estimate": 2.2246129608290115
}