{
  "n_total": 600,
  "n_valid": 449,
  "n_tie": 151,
  "n_unparseable": 0,
  "parse_rate": 0.7483333333333333,
  "accuracy": 0.77728285077951,
  "macro_f1": 0.7765902396306027,
  "classification_report": {
    "A": {
      "precision": 0.7902439024390244,
      "recall": 0.7397260273972602,
      "f1-score": 0.7641509433962265,
      "support": 219.0
    },
    "B": {
      "precision": 0.7663934426229508,
      "recall": 0.8130434782608695,
      "f1-score": 0.7890295358649789,
      "support": 230.0
    },
    "accuracy": 0.77728285077951,
    "macro avg": {
      "precision": 0.7783186725309876,
      "recall": 0.7763847528290648,
      "f1-score": 0.7765902396306027,
      "support": 449.0
    },
    "weighted avg": {
      "precision": 0.7780265176780068,
      "recall": 0.77728285077951,
      "f1-score": 0.7768949885361219,
      "support": 449.0
    }
  },
  "pred_distribution": {
    "B": 244,
    "A": 205,
    "Tie": 151
  },
  "position_bias_A": 0.45657015590200445,
  "per_domain": {
    "code": {
      "n": 134,
      "accuracy": 0.8134328358208955,
      "macro_f1": 0.8131727176398416
    },
    "general": {
      "n": 248,
      "accuracy": 0.75,
      "macro_f1": 0.7483634459282535
    },
    "stem": {
      "n": 67,
      "accuracy": 0.8059701492537313,
      "macro_f1": 0.8059701492537313
    }
  },
  "policy": "learned_topk",
  "k": 10,
  "tie_delta": 0.05,
  "tau_escalate": 0.05,
  "tau_hard": 0.03,
  "n_min": 8,
  "avg_k": 10.0,
  "tie_rate": 0.25166666666666665,
  "parse_ok_rate": 0.9983333333333333,
  "selector_inference_time_s": 0.0,
  "selector_picks": "/root/autodl-tmp/Thesis/results/dynamic_eval/sweep_v4_9b_5k_e2_dev600/selector/dev_600_top15.parquet",
  "judge_mode": "local",
  "judge_out_dir": "/root/autodl-tmp/Thesis/results/dynamic_eval/sweep_v4_9b_5k_e2_dev600/judge_runs/learned_topk_k10",
  "latency_p50_s": 0.38146721363067626,
  "latency_p90_s": 0.38146721363067626,
  "samples_per_second_estimate": 2.6214572688497584
}