{
  "n_total": 600,
  "n_valid": 461,
  "n_tie": 139,
  "n_unparseable": 0,
  "parse_rate": 0.7683333333333333,
  "accuracy": 0.7722342733188721,
  "macro_f1": 0.7716152775484206,
  "classification_report": {
    "A": {
      "precision": 0.7904761904761904,
      "recall": 0.7312775330396476,
      "f1-score": 0.7597254004576659,
      "support": 227.0
    },
    "B": {
      "precision": 0.7569721115537849,
      "recall": 0.811965811965812,
      "f1-score": 0.7835051546391752,
      "support": 234.0
    },
    "accuracy": 0.7722342733188721,
    "macro avg": {
      "precision": 0.7737241510149877,
      "recall": 0.7716216725027298,
      "f1-score": 0.7716152775484206,
      "support": 461.0
    },
    "weighted avg": {
      "precision": 0.7734697816522362,
      "recall": 0.7722342733188721,
      "f1-score": 0.771795817981469,
      "support": 461.0
    }
  },
  "pred_distribution": {
    "B": 251,
    "A": 210,
    "Tie": 139
  },
  "position_bias_A": 0.455531453362256,
  "per_domain": {
    "code": {
      "n": 135,
      "accuracy": 0.8074074074074075,
      "macro_f1": 0.8071428571428572
    },
    "general": {
      "n": 259,
      "accuracy": 0.7451737451737451,
      "macro_f1": 0.743794964028777
    },
    "stem": {
      "n": 67,
      "accuracy": 0.8059701492537313,
      "macro_f1": 0.8059701492537313
    }
  },
  "policy": "learned_topk",
  "k": 10,
  "tie_delta": 0.0,
  "tau_escalate": 0.05,
  "tau_hard": 0.03,
  "n_min": 8,
  "avg_k": 10.0,
  "tie_rate": 0.23166666666666666,
  "parse_ok_rate": 0.9983333333333333,
  "selector_inference_time_s": 0.0,
  "selector_picks": "/root/autodl-tmp/Thesis/results/dynamic_eval/sweep_v4_9b_5k_e2_dev600/selector/dev_600_top15.parquet",
  "judge_mode": "local",
  "judge_out_dir": "/root/autodl-tmp/Thesis/results/dynamic_eval/sweep_v4_9b_5k_e2_dev600/judge_runs/learned_topk_k10",
  "latency_p50_s": 0.38146721363067626,
  "latency_p90_s": 0.38146721363067626,
  "samples_per_second_estimate": 2.6214572688497584
}