{"train/rewards/chosen":-0.00021181504738478906,"_timestamp":1.7758141868805869e+09,"train/epoch":0.128,"train/rewards/accuracies":0.4625,"train/logits/rejected":-1.77149445228294,"train/learning_rate":1.6595744680851064e-06,"_step":3,"train/rewards/rejected":-0.004795925094492759,"train/logits/chosen":-1.7700022616357862,"_runtime":958,"train/grad_norm":0.11683241277933121,"train/num_tokens":2.468821e+06,"train/loss":0.6923501491546631,"train/rewards/margins":0.004584109879215248,"train/entropy":NaN,"_wandb":{"runtime":958},"train/global_step":40,"train/logps/rejected":-234.6124123752117,"train/logps/chosen":-262.85192283988,"train/mean_token_accuracy":0.6942083443515003}