{
  "n_total": 600,
  "n_valid": 383,
  "n_tie": 217,
  "n_unparseable": 0,
  "parse_rate": 0.6383333333333333,
  "accuracy": 0.7963446475195822,
  "macro_f1": 0.7963099329078711,
  "classification_report": {
    "A": {
      "precision": 0.8021390374331551,
      "recall": 0.7853403141361257,
      "f1-score": 0.7936507936507936,
      "support": 191.0
    },
    "B": {
      "precision": 0.7908163265306123,
      "recall": 0.8072916666666666,
      "f1-score": 0.7989690721649485,
      "support": 192.0
    },
    "accuracy": 0.7963446475195822,
    "macro avg": {
      "precision": 0.7964776819818837,
      "recall": 0.7963159904013961,
      "f1-score": 0.7963099329078711,
      "support": 383.0
    },
    "weighted avg": {
      "precision": 0.7964629003749614,
      "recall": 0.7963446475195822,
      "f1-score": 0.7963168758302133,
      "support": 383.0
    }
  },
  "pred_distribution": {
    "B": 196,
    "A": 187,
    "Tie": 217
  },
  "position_bias_A": 0.48825065274151436,
  "per_domain": {
    "code": {
      "n": 115,
      "accuracy": 0.8608695652173913,
      "macro_f1": 0.860774818401937
    },
    "general": {
      "n": 212,
      "accuracy": 0.7641509433962265,
      "macro_f1": 0.7641299510458388
    },
    "stem": {
      "n": 56,
      "accuracy": 0.7857142857142857,
      "macro_f1": 0.7857142857142857
    }
  },
  "policy": "learned_topk",
  "k": 12,
  "tie_delta": 0.1,
  "tau_escalate": 0.05,
  "tau_hard": 0.03,
  "n_min": 8,
  "avg_k": 12.0,
  "tie_rate": 0.3616666666666667,
  "parse_ok_rate": 0.9983333333333333,
  "selector_inference_time_s": 0.0,
  "selector_picks": "/root/autodl-tmp/Thesis/results/dynamic_eval/sweep_v4_9b_5k_e2_dev600/selector/dev_600_top15.parquet",
  "judge_mode": "local",
  "judge_out_dir": "/root/autodl-tmp/Thesis/results/dynamic_eval/sweep_v4_9b_5k_e2_dev600/judge_runs/learned_topk_k12",
  "latency_p50_s": 0.4137861275672913,
  "latency_p90_s": 0.4137861275672913,
  "samples_per_second_estimate": 2.416707408436201
}