{
  "n_total": 600,
  "n_valid": 361,
  "n_tie": 239,
  "n_unparseable": 0,
  "parse_rate": 0.6016666666666667,
  "accuracy": 0.7894736842105263,
  "macro_f1": 0.7887588543270712,
  "classification_report": {
    "A": {
      "precision": 0.8,
      "recall": 0.7542857142857143,
      "f1-score": 0.7764705882352941,
      "support": 175.0
    },
    "B": {
      "precision": 0.7806122448979592,
      "recall": 0.8225806451612904,
      "f1-score": 0.8010471204188482,
      "support": 186.0
    },
    "accuracy": 0.7894736842105263,
    "macro avg": {
      "precision": 0.7903061224489796,
      "recall": 0.7884331797235024,
      "f1-score": 0.7887588543270712,
      "support": 361.0
    },
    "weighted avg": {
      "precision": 0.7900107411385607,
      "recall": 0.7894736842105263,
      "f1-score": 0.7891332890279287,
      "support": 361.0
    }
  },
  "pred_distribution": {
    "B": 196,
    "A": 165,
    "Tie": 239
  },
  "position_bias_A": 0.45706371191135736,
  "per_domain": {
    "code": {
      "n": 111,
      "accuracy": 0.8378378378378378,
      "macro_f1": 0.8378246753246753
    },
    "general": {
      "n": 199,
      "accuracy": 0.7587939698492462,
      "macro_f1": 0.7580547112462006
    },
    "stem": {
      "n": 51,
      "accuracy": 0.803921568627451,
      "macro_f1": 0.7976190476190477
    }
  },
  "policy": "learned_topk",
  "k": 10,
  "tie_delta": 0.1,
  "tau_escalate": 0.05,
  "tau_hard": 0.03,
  "n_min": 8,
  "avg_k": 10.0,
  "tie_rate": 0.3983333333333333,
  "parse_ok_rate": 0.9983333333333333,
  "selector_inference_time_s": 0.0,
  "selector_picks": "/root/autodl-tmp/Thesis/results/dynamic_eval/sweep_v4_9b_5k_e2_dev600/selector/dev_600_top15.parquet",
  "judge_mode": "local",
  "judge_out_dir": "/root/autodl-tmp/Thesis/results/dynamic_eval/sweep_v4_9b_5k_e2_dev600/judge_runs/learned_topk_k10",
  "latency_p50_s": 0.38146721363067626,
  "latency_p90_s": 0.38146721363067626,
  "samples_per_second_estimate": 2.6214572688497584
}