{
  "n_total": 1073,
  "n_valid": 609,
  "n_tie": 464,
  "n_unparseable": 0,
  "parse_rate": 0.5675675675675675,
  "accuracy": 0.8144499178981938,
  "macro_f1": 0.8144499178981938,
  "classification_report": {
    "A": {
      "precision": 0.8239202657807309,
      "recall": 0.8051948051948052,
      "f1-score": 0.8144499178981938,
      "support": 308.0
    },
    "B": {
      "precision": 0.8051948051948052,
      "recall": 0.8239202657807309,
      "f1-score": 0.8144499178981938,
      "support": 301.0
    },
    "accuracy": 0.8144499178981938,
    "macro avg": {
      "precision": 0.8145575354877681,
      "recall": 0.8145575354877681,
      "f1-score": 0.8144499178981938,
      "support": 609.0
    },
    "weighted avg": {
      "precision": 0.8146651530773423,
      "recall": 0.8144499178981938,
      "f1-score": 0.8144499178981938,
      "support": 609.0
    }
  },
  "pred_distribution": {
    "Tie": 464,
    "A": 301,
    "B": 308
  },
  "position_bias_A": 0.4942528735632184,
  "per_domain": {
    "code": {
      "n": 173,
      "accuracy": 0.838150289017341,
      "macro_f1": 0.8378848728246319
    },
    "general": {
      "n": 345,
      "accuracy": 0.8115942028985508,
      "macro_f1": 0.8114357788522177
    },
    "stem": {
      "n": 91,
      "accuracy": 0.7802197802197802,
      "macro_f1": 0.7799806576402322
    }
  },
  "policy": "learned_topk",
  "k": 15,
  "score_method": "compare_checklists_pairwise_weighted",
  "tie_delta": 0.05,
  "aggregate_na_policy": "as_no",
  "aggregate_coverage_threshold": 0.8,
  "question_weights": "results/dynamic_test/question_weights/hr_oracle_k15_qwen36_27b_weights_human_contrastive_b1.parquet",
  "weight_column": "importance_softmax",
  "weight_transform": "none",
  "weight_temperature": 1.0,
  "weighted_na_policy": "ignore",
  "tau_escalate": 0.05,
  "tau_hard": 0.03,
  "n_min": 8,
  "avg_k": 15.0,
  "tie_rate": 0.43243243243243246,
  "parse_ok_rate": 0.9972041006523765,
  "selector_inference_time_s": 0.0,
  "selector_picks": "results/dynamic_test/selector_v4_human_contrastive_b1_best_test_top58.parquet",
  "judge_mode": "local",
  "judge_url": null,
  "judge_model": "/root/autodl-tmp/Thesis/models/Qwen3.5-9B",
  "http_extra_body": null,
  "http_reasoning_effort": null,
  "latency_p50_s": 0.44799675857032,
  "latency_p90_s": 0.44799675857032,
  "samples_per_second_estimate": 2.2321590075590567
}