{"train/learning_rate":4.161073825503356e-07,"_timestamp":1.776111829811415e+09,"train/rewards/accuracies":0.453125,"train/dpo_loss":0.6929747456684708,"train/entropy":NaN,"train/logps/rejected":-224.3039714515209,"eval/steps_per_second":4.184,"train/mean_token_accuracy":0.6826602412387729,"train/grad_norm":0.09365738928318024,"eval/logits/rejected":-1.8248210041213306,"eval/samples_per_second":4.184,"_runtime":8748,"train/epoch":0.608,"train/sft_loss":NaN,"eval/runtime":490.7159,"train/logps/chosen":-265.9885641396046,"train/rewards/rejected":0.041536448993338124,"train/sft_lambda":1,"eval/rewards/rejected":0.028559526926115086,"train/logits/chosen":-1.76620191589836,"train/logits/rejected":-1.7865324056507965,"eval/rewards/chosen":0.034688538863364586,"eval/logps/rejected":-226.44482782162288,"eval/logps/chosen":-260.51692672224084,"train/global_step":190,"train/rewards/chosen":0.04521463164796842,"_step":20,"train/rewards/margins":0.0036781830320251176,"eval/entropy":NaN,"eval/rewards/accuracies":0.4836824159766196,"train/num_tokens":1.1607128e+07,"eval/loss":0.6920422315597534,"_wandb":{"runtime":8748},"eval/num_tokens":9.53784e+06,"train/loss":0,"eval/logits/chosen":-1.812573696392998,"eval/mean_token_accuracy":0.7111181545362087,"eval/rewards/margins":0.00612901188509155}