{
  "n_total": 1073,
  "n_valid": 778,
  "n_tie": 295,
  "n_unparseable": 0,
  "parse_rate": 0.7250698974836906,
  "accuracy": 0.7544987146529563,
  "macro_f1": 0.7543522068097923,
  "classification_report": {
    "A": {
      "precision": 0.7654986522911051,
      "recall": 0.7319587628865979,
      "f1-score": 0.7483530961791831,
      "support": 388.0
    },
    "B": {
      "precision": 0.7444717444717445,
      "recall": 0.7769230769230769,
      "f1-score": 0.7603513174404015,
      "support": 390.0
    },
    "accuracy": 0.7544987146529563,
    "macro avg": {
      "precision": 0.7549851983814249,
      "recall": 0.7544409199048374,
      "f1-score": 0.7543522068097923,
      "support": 778.0
    },
    "weighted avg": {
      "precision": 0.7549581715076209,
      "recall": 0.7544987146529563,
      "f1-score": 0.7543676286880201,
      "support": 778.0
    }
  },
  "pred_distribution": {
    "B": 407,
    "A": 371,
    "Tie": 295
  },
  "position_bias_A": 0.4768637532133676,
  "per_domain": {
    "code": {
      "n": 221,
      "accuracy": 0.8009049773755657,
      "macro_f1": 0.8008030154047854
    },
    "general": {
      "n": 437,
      "accuracy": 0.7345537757437071,
      "macro_f1": 0.7339393684917702
    },
    "stem": {
      "n": 120,
      "accuracy": 0.7416666666666667,
      "macro_f1": 0.741505107358766
    }
  },
  "policy": "learned_topk",
  "k": 15,
  "score_method": "aggregate_checklist_score",
  "tie_delta": 0.05,
  "aggregate_na_policy": "as_no",
  "aggregate_coverage_threshold": 0.8,
  "tau_escalate": 0.05,
  "tau_hard": 0.03,
  "n_min": 8,
  "avg_k": 15.0,
  "tie_rate": 0.2749301025163094,
  "parse_ok_rate": 0.9804287045666356,
  "selector_inference_time_s": 0.0,
  "selector_picks": "results/dynamic_test/selector_v4bank_v4hr_noOracleFilter_best_test_k20_picks.parquet",
  "judge_mode": "local",
  "judge_url": null,
  "judge_model": "/root/autodl-tmp/Thesis/models/Qwen3.5-9B",
  "http_extra_body": null,
  "http_reasoning_effort": null,
  "latency_p50_s": 0.4542710065619477,
  "latency_p90_s": 0.4542710065619477,
  "samples_per_second_estimate": 2.2013291307501324
}