{
  "n_total": 200,
  "n_valid": 99,
  "n_tie": 101,
  "n_unparseable": 0,
  "parse_rate": 0.495,
  "accuracy": 0.6666666666666666,
  "macro_f1": 0.6654377880184332,
  "classification_report": {
    "A": {
      "precision": 0.7142857142857143,
      "recall": 0.5882352941176471,
      "f1-score": 0.6451612903225806,
      "support": 51.0
    },
    "B": {
      "precision": 0.631578947368421,
      "recall": 0.75,
      "f1-score": 0.6857142857142857,
      "support": 48.0
    },
    "accuracy": 0.6666666666666666,
    "macro avg": {
      "precision": 0.6729323308270676,
      "recall": 0.6691176470588236,
      "f1-score": 0.6654377880184332,
      "support": 99.0
    },
    "weighted avg": {
      "precision": 0.6741854636591479,
      "recall": 0.6666666666666666,
      "f1-score": 0.6648233486943165,
      "support": 99.0
    }
  },
  "pred_distribution": {
    "B": 57,
    "A": 42,
    "Tie": 101
  },
  "position_bias_A": 0.42424242424242425,
  "per_domain": {
    "code": {
      "n": 27,
      "accuracy": 0.8148148148148148,
      "macro_f1": 0.8106591865357644
    },
    "general": {
      "n": 37,
      "accuracy": 0.5945945945945946,
      "macro_f1": 0.5934065934065934
    },
    "stem": {
      "n": 35,
      "accuracy": 0.6285714285714286,
      "macro_f1": 0.6285714285714286
    }
  },
  "policy": "static_v3",
  "k": 20,
  "score_method": "compare_checklists_pairwise",
  "tie_delta": 0.05,
  "aggregate_na_policy": "as_no",
  "aggregate_coverage_threshold": 0.8,
  "question_weights": null,
  "weight_column": null,
  "weight_transform": null,
  "weight_temperature": null,
  "weighted_na_policy": null,
  "tau_escalate": 0.05,
  "tau_hard": 0.03,
  "n_min": 8,
  "avg_k": 50.02,
  "tie_rate": 0.505,
  "parse_ok_rate": 1.0,
  "selector_inference_time_s": 0.0,
  "selector_picks": null,
  "judge_mode": "local",
  "judge_url": null,
  "judge_model": "models/Qwen3.5-4B",
  "http_extra_body": null,
  "http_reasoning_effort": null,
  "http_resume_cache": null,
  "latency_p50_s": 0.3915620291233063,
  "latency_p90_s": 0.3915620291233063,
  "samples_per_second_estimate": 2.5538737814771393
}