{
  "n_total": 1073,
  "n_valid": 773,
  "n_tie": 300,
  "n_unparseable": 0,
  "parse_rate": 0.6039142590866728,
  "accuracy": 0.7943078913324709,
  "macro_f1": 0.7942734617837433,
  "classification_report": {
    "A": {
      "precision": 0.8161993769470405,
      "recall": 0.8136645962732919,
      "f1-score": 0.8149300155520995,
      "support": 322.0
    },
    "B": {
      "precision": 0.8165137614678899,
      "recall": 0.8190184049079755,
      "f1-score": 0.8177641653905053,
      "support": 326.0
    },
    "accuracy": 0.816358024691358,
    "macro avg": {
      "precision": 0.8163565692074652,
      "recall": 0.8163415005906337,
      "f1-score": 0.8163470904713024,
      "support": 648.0
    },
    "weighted avg": {
      "precision": 0.8163575395300604,
      "recall": 0.816358024691358,
      "f1-score": 0.816355837847347,
      "support": 648.0
    }
  },
  "pred_distribution": {
    "B": 327,
    "A": 321,
    "Tie": 425
  },
  "position_bias_A": 0.49537037037037035,
  "per_domain": {
    "code": {
      "n": 189,
      "accuracy": 0.8518518518518519,
      "macro_f1": 0.8518145161290323
    },
    "general": {
      "n": 359,
      "accuracy": 0.8133704735376045,
      "macro_f1": 0.8132777506074509
    },
    "stem": {
      "n": 100,
      "accuracy": 0.76,
      "macro_f1": 0.76
    }
  },
  "policy": "learned_topk",
  "k": 15,
  "score_method": "compare_checklists_pairwise_weighted",
  "tie_delta": 0.0,
  "aggregate_na_policy": "as_no",
  "aggregate_coverage_threshold": 0.8,
  "question_weights": "results/dynamic_test/question_weights/hr_oracle_k15_qwen36_27b_weights.parquet",
  "weight_column": "importance_softmax",
  "weight_transform": "none",
  "weight_temperature": 1.0,
  "weighted_na_policy": "ignore",
  "tau_escalate": 0.05,
  "tau_hard": 0.03,
  "n_min": 8,
  "avg_k": 15.0,
  "tie_rate": 0.27958993476234856,
  "parse_ok_rate": 0.9953401677539608,
  "selector_inference_time_s": 0.0,
  "selector_picks": "results/dynamic_test/human_relevance_oracle_test_v4_qwen36_27b_nvfp4_ranked_picks.parquet",
  "judge_mode": "local",
  "judge_url": null,
  "judge_model": "/root/autodl-tmp/Thesis/models/Qwen3.5-9B",
  "http_extra_body": null,
  "http_reasoning_effort": null,
  "recall_human_selected": 0.9322004564453831,
  "recall_human_asked": 0.9322004564453831,
  "n_evaluated": 1039,
  "human_relevance": "data/oracle/test_human_relevance_v4_qwen36_27b_nvfp4.parquet",
  "latency_p50_s": 0.4758955301354116,
  "latency_p90_s": 0.4758955301354116,
  "samples_per_second_estimate": 2.1013015182459465,
  "effective_accuracy": 0.5722273998136067,
  "source_predictions": "results/dynamic_test/human_relevance_oracle_qwen36_27b_k15_td005_weighted_pairwise/predictions.parquet",
  "derived_from_tie_delta": 0.05
}