{"train/learning_rate":1.3422818791946307e-08,"train/entropy":NaN,"eval/logps/chosen":-260.665499646781,"train_runtime":14670.7897,"train/logits/rejected":-1.858893365777785,"_runtime":14668,"train/num_tokens":1.871481e+07,"train/epoch":1,"train/rewards/accuracies":0.5,"eval/logits/chosen":-1.810038034742397,"eval/entropy":NaN,"train/global_step":313,"eval/rewards/rejected":0.014461165196922629,"eval/steps_per_second":4.139,"eval/rewards/margins":0.0053700810056781685,"train/rewards/margins":0.01486329769832082,"train/rewards/rejected":0.013537815452707491,"total_flos":9.712128269954212e+17,"train/sft_lambda":1,"train_samples_per_second":0.682,"eval/mean_token_accuracy":0.7110152473202346,"train/logps/rejected":-251.80798122286797,"train/rewards/chosen":0.02840111305267783,"eval/num_tokens":1.8871932e+07,"_wandb":{"runtime":14668},"eval/rewards/chosen":0.019831246194074673,"train/sft_loss":0.7705774176865816,"eval/logits/rejected":-1.8223781770430107,"_step":36,"eval/runtime":496.0318,"train/logits/chosen":-1.8308709897769628,"train/dpo_loss":0.7059092111885548,"eval/logps/rejected":-226.58581143568273,"train/mean_token_accuracy":0.7080533925443888,"eval/rewards/accuracies":0.4778373112518266,"train/loss":1.5401200294494628,"eval/samples_per_second":4.139,"train_steps_per_second":0.021,"eval/loss":0.6921960115432739,"train/grad_norm":0.44716814160346985,"train/logps/chosen":-280.14509043693545,"_timestamp":1.7761316859367e+09,"train_loss":2.0916942529404126}