{
  "n_total": 600,
  "n_valid": 446,
  "n_tie": 154,
  "n_unparseable": 0,
  "parse_rate": 0.7433333333333333,
  "accuracy": 0.7914798206278026,
  "macro_f1": 0.7911764261656271,
  "classification_report": {
    "A": {
      "precision": 0.7924528301886793,
      "recall": 0.7741935483870968,
      "f1-score": 0.7832167832167832,
      "support": 217.0
    },
    "B": {
      "precision": 0.7905982905982906,
      "recall": 0.8078602620087336,
      "f1-score": 0.7991360691144709,
      "support": 229.0
    },
    "accuracy": 0.7914798206278026,
    "macro avg": {
      "precision": 0.791525560393485,
      "recall": 0.7910269051979152,
      "f1-score": 0.7911764261656271,
      "support": 446.0
    },
    "weighted avg": {
      "precision": 0.7915006114303855,
      "recall": 0.7914798206278026,
      "f1-score": 0.7913905869624569,
      "support": 446.0
    }
  },
  "pred_distribution": {
    "B": 234,
    "A": 212,
    "Tie": 154
  },
  "position_bias_A": 0.47533632286995514,
  "avg_score_a": 0.7314931773181633,
  "avg_score_b": 0.7529653508151252,
  "avg_score_gap": -0.021472173496961827,
  "avg_tie_score_gap": 0.020062584653614338,
  "avg_questions_answered_a": 76.24,
  "avg_questions_answered_b": 76.87666666666667,
  "per_domain": {
    "code": {
      "n": 143,
      "accuracy": 0.8601398601398601,
      "macro_f1": 0.8599686643164904
    },
    "general": {
      "n": 235,
      "accuracy": 0.7531914893617021,
      "macro_f1": 0.7530797101449276
    },
    "stem": {
      "n": 68,
      "accuracy": 0.7794117647058824,
      "macro_f1": 0.7770491803278688
    }
  },
  "inference_time_s": 2374.8448100090027,
  "samples_per_second": 0.25264808777030173,
  "model_id": "/root/autodl-tmp/Thesis/models/Qwen3.5-27B-AWQ-4bit",
  "backend": "vllm",
  "tensor_parallel_size": 1,
  "max_model_len": 16384,
  "checklist_parse_rate": 1.0,
  "n_checklist_questions": 104,
  "tie_delta": 0.05,
  "na_policy": "skip",
  "scoring_method": "pairwise_naaware",
  "avg_pairwise_margin": -0.017765186202686203,
  "avg_abs_pairwise_margin": 0.2627690018315018,
  "avg_n_aligned": 72.805,
  "pct_a_with_na": 0.91,
  "pct_b_with_na": 0.8883333333333333,
  "pct_either_with_na": 0.9666666666666667,
  "avg_n_na_a": 13.326666666666666,
  "avg_n_na_b": 12.69,
  "top_na_qids_by_domain": {
    "code": {
      "76": 225,
      "81": 209,
      "55": 207,
      "64": 172,
      "74": 137,
      "75": 113,
      "88": 110,
      "86": 108,
      "49": 105,
      "66": 97,
      "42": 92,
      "32": 84,
      "33": 84,
      "34": 84,
      "35": 84
    },
    "general": {
      "61": 606,
      "35": 476,
      "68": 475,
      "56": 474,
      "42": 464,
      "66": 463,
      "3": 462,
      "76": 449,
      "65": 424,
      "75": 422,
      "69": 400,
      "67": 359,
      "71": 355,
      "54": 337,
      "44": 316
    },
    "stem": {
      "61": 148,
      "56": 128,
      "54": 105,
      "66": 89,
      "68": 89,
      "35": 88,
      "44": 87,
      "65": 73,
      "55": 69,
      "75": 66,
      "69": 64,
      "46": 60,
      "62": 53,
      "71": 52,
      "3": 47
    }
  }
}