{
  "n_total": 1098,
  "n_valid": 807,
  "n_tie": 291,
  "n_unparseable": 0,
  "parse_rate": 0.7349726775956285,
  "accuracy": 0.7856257744733581,
  "macro_f1": 0.7855190690171678,
  "classification_report": {
    "A": {
      "precision": 0.7877237851662404,
      "recall": 0.7738693467336684,
      "f1-score": 0.7807351077313055,
      "support": 398.0
    },
    "B": {
      "precision": 0.7836538461538461,
      "recall": 0.7970660146699267,
      "f1-score": 0.7903030303030303,
      "support": 409.0
    },
    "accuracy": 0.7856257744733581,
    "macro avg": {
      "precision": 0.7856888156600432,
      "recall": 0.7854676807017975,
      "f1-score": 0.7855190690171678,
      "support": 807.0
    },
    "weighted avg": {
      "precision": 0.7856610775379018,
      "recall": 0.7856257744733581,
      "f1-score": 0.7855842779070619,
      "support": 807.0
    }
  },
  "pred_distribution": {
    "Tie": 291,
    "A": 391,
    "B": 416
  },
  "position_bias_A": 0.48451053283767037,
  "avg_score_a": 0.6848302679130964,
  "avg_score_b": 0.6995606804590457,
  "avg_score_gap": -0.014730412545949288,
  "avg_tie_score_gap": 0.031032832824139506,
  "avg_questions_answered_a": 79.408014571949,
  "avg_questions_answered_b": 79.28051001821494,
  "per_domain": {
    "code": {
      "n": 215,
      "accuracy": 0.8372093023255814,
      "macro_f1": 0.8369836008751976
    },
    "general": {
      "n": 465,
      "accuracy": 0.7591397849462366,
      "macro_f1": 0.7587369825445651
    },
    "stem": {
      "n": 127,
      "accuracy": 0.7952755905511811,
      "macro_f1": 0.7946517412935323
    }
  },
  "inference_time_s": 1633.9684500694275,
  "samples_per_second": 0.6719835991651771,
  "model_id": "/root/autodl-tmp/Thesis/models/Qwen3.5-9B",
  "backend": "vllm",
  "tensor_parallel_size": 1,
  "max_model_len": 16384,
  "checklist_parse_rate": 1.0,
  "n_checklist_questions": 104,
  "tie_delta": 0.05,
  "na_policy": "skip",
  "scoring_method": "pairwise_naaware",
  "avg_pairwise_margin": -0.012133908138006497,
  "avg_abs_pairwise_margin": 0.22987412177985947,
  "avg_n_aligned": 76.06193078324226,
  "pct_a_with_na": 0.8888888888888888,
  "pct_b_with_na": 0.8843351548269581,
  "pct_either_with_na": 0.9626593806921676,
  "avg_n_na_a": 9.819672131147541,
  "avg_n_na_b": 9.947176684881603,
  "top_na_qids_by_domain": {
    "code": {
      "55": 414,
      "76": 409,
      "64": 383,
      "81": 375,
      "74": 290,
      "75": 218,
      "66": 201,
      "3": 106,
      "33": 87,
      "35": 87,
      "39": 87,
      "41": 87,
      "42": 87,
      "49": 87,
      "51": 87
    },
    "general": {
      "61": 1040,
      "56": 921,
      "54": 861,
      "35": 812,
      "44": 763,
      "42": 721,
      "55": 699,
      "46": 578,
      "13": 574,
      "75": 542,
      "3": 493,
      "76": 457,
      "48": 408,
      "68": 401,
      "30": 386
    },
    "stem": {
      "56": 238,
      "61": 228,
      "54": 224,
      "44": 207,
      "55": 192,
      "35": 158,
      "46": 116,
      "13": 80,
      "48": 65,
      "68": 65,
      "42": 63,
      "75": 62,
      "30": 60,
      "39": 52,
      "66": 38
    }
  }
}