{
  "clarity_and_communication": {
    "n_samples": 600,
    "avg_score_a": 0.8197642967188081,
    "avg_score_b": 0.8704604031567829,
    "dimension_accuracy": 0.5766666666666667,
    "avg_na_rate": 0.04959677419354839
  },
  "coding_communication_conditional": {
    "n_samples": 129,
    "avg_score_a": 0.6543972981549482,
    "avg_score_b": 0.6707958526807978,
    "dimension_accuracy": 0.6046511627906976,
    "avg_na_rate": 0.02810077519379845
  },
  "correctness_and_completeness": {
    "n_samples": 600,
    "avg_score_a": 0.6609254403687359,
    "avg_score_b": 0.6999399199035863,
    "dimension_accuracy": 0.6383333333333333,
    "avg_na_rate": 0.18445512820512822
  },
  "helpfulness_and_usefulness": {
    "n_samples": 597,
    "avg_score_a": 0.5019943038272796,
    "avg_score_b": 0.5180158175763594,
    "dimension_accuracy": 0.6180904522613065,
    "avg_na_rate": 0.09581859916868292
  }
}