{
  "n_total": 1073,
  "n_valid": 1072,
  "n_tie": 0,
  "n_unparseable": 1,
  "parse_rate": 0.9990680335507922,
  "accuracy": 0.7229477611940298,
  "macro_f1": 0.7201597911640233,
  "classification_report": {
    "A": {
      "precision": 0.6837209302325581,
      "recall": 0.8258426966292135,
      "f1-score": 0.7480916030534351,
      "support": 534.0
    },
    "B": {
      "precision": 0.7822014051522248,
      "recall": 0.620817843866171,
      "f1-score": 0.6922279792746114,
      "support": 538.0
    },
    "accuracy": 0.7229477611940298,
    "macro avg": {
      "precision": 0.7329611676923915,
      "recall": 0.7233302702476923,
      "f1-score": 0.7201597911640233,
      "support": 1072.0
    },
    "weighted avg": {
      "precision": 0.7331448999217192,
      "recall": 0.7229477611940298,
      "f1-score": 0.7200555679853315,
      "support": 1072.0
    }
  },
  "pred_distribution": {
    "B": 427,
    "A": 645,
    "null": 1
  },
  "position_bias_A": 0.601679104477612,
  "per_domain": {
    "code": {
      "n": 280,
      "accuracy": 0.725,
      "macro_f1": 0.7139635157545605
    },
    "general": {
      "n": 632,
      "accuracy": 0.7310126582278481,
      "macro_f1": 0.7299308236808237
    },
    "stem": {
      "n": 160,
      "accuracy": 0.6875,
      "macro_f1": 0.6857322438717788
    }
  },
  "inference_time_s": 234.2456181049347,
  "samples_per_second": 4.580661993511996,
  "adapter_path": "/root/autodl-tmp/Thesis/results/checkpoints/judge_warmup_tier_5k_r16_lr5e-06/final_adapter",
  "eval_mode": "vanilla",
  "model_id": "/root/autodl-tmp/Thesis/models/Qwen3.5-9B"
}