{
  "n_total": 1073,
  "n_valid": 1072,
  "n_tie": 0,
  "n_unparseable": 1,
  "parse_rate": 0.9990680335507922,
  "accuracy": 0.726679104477612,
  "macro_f1": 0.7244228027461561,
  "classification_report": {
    "A": {
      "precision": 0.6897637795275591,
      "recall": 0.8202247191011236,
      "f1-score": 0.7493584260051326,
      "support": 534.0
    },
    "B": {
      "precision": 0.7803203661327232,
      "recall": 0.6338289962825279,
      "f1-score": 0.6994871794871795,
      "support": 538.0
    },
    "accuracy": 0.726679104477612,
    "macro avg": {
      "precision": 0.7350420728301411,
      "recall": 0.7270268576918257,
      "f1-score": 0.7244228027461561,
      "support": 1072.0
    },
    "weighted avg": {
      "precision": 0.7352110216857478,
      "recall": 0.726679104477612,
      "f1-score": 0.7243297593757867,
      "support": 1072.0
    }
  },
  "pred_distribution": {
    "A": 635,
    "B": 437,
    "null": 1
  },
  "position_bias_A": 0.5923507462686567,
  "per_domain": {
    "code": {
      "n": 280,
      "accuracy": 0.7571428571428571,
      "macro_f1": 0.7484675544282393
    },
    "general": {
      "n": 632,
      "accuracy": 0.7167721518987342,
      "macro_f1": 0.715689502215364
    },
    "stem": {
      "n": 160,
      "accuracy": 0.7125,
      "macro_f1": 0.7120951337818808
    }
  },
  "inference_time_s": 219.2377941608429,
  "samples_per_second": 4.8942291364818145,
  "adapter_path": "/root/autodl-tmp/Thesis/results/checkpoints/judge_warmup_tier_5k_r16_lr5e-06/final_adapter",
  "eval_mode": "vanilla",
  "model_id": "/root/autodl-tmp/Thesis/models/Qwen3.5-9B"
}