{
  "n_total": 1098,
  "n_valid": 1097,
  "n_tie": 0,
  "n_unparseable": 1,
  "parse_rate": 0.9990892531876139,
  "accuracy": 0.7192342752962625,
  "macro_f1": 0.7166382641833504,
  "classification_report": {
    "A": {
      "precision": 0.6834862385321101,
      "recall": 0.8156934306569343,
      "f1-score": 0.7437603993344426,
      "support": 548.0
    },
    "B": {
      "precision": 0.7720090293453724,
      "recall": 0.6229508196721312,
      "f1-score": 0.6895161290322581,
      "support": 549.0
    },
    "accuracy": 0.7192342752962625,
    "macro avg": {
      "precision": 0.7277476339387412,
      "recall": 0.7193221251645328,
      "f1-score": 0.7166382641833504,
      "support": 1097.0
    },
    "weighted avg": {
      "precision": 0.7277879816100327,
      "recall": 0.7192342752962625,
      "f1-score": 0.7166135402679893,
      "support": 1097.0
    }
  },
  "pred_distribution": {
    "A": 654,
    "B": 443,
    "NaN": 1
  },
  "position_bias_A": 0.5961713764813127,
  "per_domain": {
    "code": {
      "n": 287,
      "accuracy": 0.7317073170731707,
      "macro_f1": 0.7210884353741496
    },
    "general": {
      "n": 645,
      "accuracy": 0.7178294573643411,
      "macro_f1": 0.7169961427193828
    },
    "stem": {
      "n": 165,
      "accuracy": 0.703030303030303,
      "macro_f1": 0.7008768359909727
    }
  },
  "inference_time_s": 231.487633228302,
  "samples_per_second": 4.743233945966825,
  "adapter_path": "/root/autodl-tmp/Thesis/results/checkpoints/joint_dpo_tier_10k_r16_b0.1_lr1e-06_lam1.0/final_adapter",
  "eval_mode": "vanilla",
  "model_id": "/root/autodl-tmp/Thesis/models/Qwen3.5-9B"
}