{
  "n_total": 600,
  "n_valid": 491,
  "n_tie": 109,
  "n_unparseable": 0,
  "parse_rate": 1.0,
  "accuracy": 0.7474541751527495,
  "macro_f1": 0.7472182548908892,
  "classification_report": {
    "A": {
      "precision": 0.7892376681614349,
      "recall": 0.6956521739130435,
      "f1-score": 0.7394957983193278,
      "support": 253.0
    },
    "B": {
      "precision": 0.7126865671641791,
      "recall": 0.8025210084033614,
      "f1-score": 0.7549407114624506,
      "support": 238.0
    },
    "accuracy": 0.7474541751527495,
    "macro avg": {
      "precision": 0.750962117662807,
      "recall": 0.7490865911582024,
      "f1-score": 0.7472182548908892,
      "support": 491.0
    },
    "weighted avg": {
      "precision": 0.7521314318328262,
      "recall": 0.7474541751527495,
      "f1-score": 0.7469823346290289,
      "support": 491.0
    }
  },
  "pred_distribution": {
    "Tie": 109,
    "B": 268,
    "A": 223
  },
  "position_bias_A": 0.45417515274949083,
  "per_domain": {
    "code": {
      "n": 152,
      "accuracy": 0.7763157894736842,
      "macro_f1": 0.7763157894736842
    },
    "general": {
      "n": 260,
      "accuracy": 0.7384615384615385,
      "macro_f1": 0.738213693437574
    },
    "stem": {
      "n": 79,
      "accuracy": 0.7215189873417721,
      "macro_f1": 0.7193152454780362
    }
  },
  "inference_time_s": 181.62549233436584,
  "n_samples_total": 600,
  "n_samples_evaluable": 600,
  "coverage_rate": 1.0,
  "tie_delta": 0.0,
  "judge_adapter": "base",
  "base_model": "/root/autodl-tmp/Thesis/models/Qwen3.5-4B",
  "generated_source": "/root/autodl-tmp/Thesis/data/generated_checklists/dev_600_base.parquet"
}