{
  "n_total": 600,
  "n_valid": 600,
  "n_tie": 0,
  "n_unparseable": 0,
  "parse_rate": 1.0,
  "accuracy": 0.7333333333333333,
  "macro_f1": 0.7333066639997333,
  "classification_report": {
    "A": {
      "precision": 0.7406143344709898,
      "recall": 0.7209302325581395,
      "f1-score": 0.7306397306397306,
      "support": 301.0
    },
    "B": {
      "precision": 0.7263843648208469,
      "recall": 0.745819397993311,
      "f1-score": 0.735973597359736,
      "support": 299.0
    },
    "accuracy": 0.7333333333333333,
    "macro avg": {
      "precision": 0.7334993496459183,
      "recall": 0.7333748152757252,
      "f1-score": 0.7333066639997333,
      "support": 600.0
    },
    "weighted avg": {
      "precision": 0.7335230662620019,
      "recall": 0.7333333333333333,
      "f1-score": 0.7332977742218666,
      "support": 600.0
    }
  },
  "pred_distribution": {
    "B": 307,
    "A": 293
  },
  "position_bias_A": 0.48833333333333334,
  "per_domain": {
    "code": {
      "n": 161,
      "accuracy": 0.7639751552795031,
      "macro_f1": 0.7639660493827161
    },
    "general": {
      "n": 345,
      "accuracy": 0.7014492753623188,
      "macro_f1": 0.7014492753623188
    },
    "stem": {
      "n": 94,
      "accuracy": 0.7978723404255319,
      "macro_f1": 0.7967451917605555
    }
  },
  "inference_time_s": 152.01941919326782,
  "n_samples_total": 600,
  "n_samples_evaluable": 600,
  "coverage_rate": 1.0,
  "tie_delta": 0.05,
  "na_policy": "as_no",
  "coverage_threshold": 0.8,
  "judge_adapter": "base",
  "judge_mode": "local",
  "base_model": "models/Qwen3.5-4B",
  "generated_source": "data/generated_checklists/dev_600_base_Qwen3.5-4B_abaware.parquet",
  "judge_format": "comparative"
}