{
  "n_total": 600,
  "n_valid": 600,
  "n_tie": 0,
  "n_unparseable": 0,
  "parse_rate": 1.0,
  "accuracy": 0.7333333333333333,
  "macro_f1": 0.7332859174964438,
  "classification_report": {
    "A": {
      "precision": 0.7422680412371134,
      "recall": 0.717607973421927,
      "f1-score": 0.7297297297297297,
      "support": 301.0
    },
    "B": {
      "precision": 0.7249190938511327,
      "recall": 0.7491638795986622,
      "f1-score": 0.7368421052631579,
      "support": 299.0
    },
    "accuracy": 0.7333333333333333,
    "macro avg": {
      "precision": 0.7335935675441231,
      "recall": 0.7333859265102946,
      "f1-score": 0.7332859174964438,
      "support": 600.0
    },
    "weighted avg": {
      "precision": 0.733622482456433,
      "recall": 0.7333333333333333,
      "f1-score": 0.7332740635372214,
      "support": 600.0
    }
  },
  "pred_distribution": {
    "B": 309,
    "A": 291
  },
  "position_bias_A": 0.485,
  "per_domain": {
    "code": {
      "n": 161,
      "accuracy": 0.7577639751552795,
      "macro_f1": 0.7576143601621309
    },
    "general": {
      "n": 345,
      "accuracy": 0.6985507246376812,
      "macro_f1": 0.6984873949579832
    },
    "stem": {
      "n": 94,
      "accuracy": 0.8191489361702128,
      "macro_f1": 0.8181404347331285
    }
  },
  "inference_time_s": 142.03464794158936,
  "n_samples_total": 600,
  "n_samples_evaluable": 600,
  "coverage_rate": 1.0,
  "tie_delta": 0.05,
  "na_policy": "as_no",
  "coverage_threshold": 0.8,
  "judge_adapter": "base",
  "judge_mode": "local",
  "base_model": "/root/autodl-tmp/Thesis/models/Qwen3.5-4B",
  "generated_source": "/root/autodl-tmp/Thesis/data/generated_checklists/dev_600_base_Qwen3.5-4B_abaware.parquet",
  "judge_format": "comparative"
}