{
  "n_total": 600,
  "n_valid": 592,
  "n_tie": 4,
  "n_unparseable": 4,
  "parse_rate": 0.9933333333333333,
  "accuracy": 0.7753378378378378,
  "macro_f1": 0.7753320683111955,
  "classification_report": {
    "A": {
      "precision": 0.7804054054054054,
      "recall": 0.7725752508361204,
      "f1-score": 0.7764705882352941,
      "support": 299.0
    },
    "B": {
      "precision": 0.7702702702702703,
      "recall": 0.7781569965870307,
      "f1-score": 0.7741935483870968,
      "support": 293.0
    },
    "accuracy": 0.7753378378378378,
    "macro avg": {
      "precision": 0.7753378378378378,
      "recall": 0.7753661237115756,
      "f1-score": 0.7753320683111955,
      "support": 592.0
    },
    "weighted avg": {
      "precision": 0.7753891983199416,
      "recall": 0.7753378378378378,
      "f1-score": 0.7753436073644803,
      "support": 592.0
    }
  },
  "pred_distribution": {
    "B": 296,
    "A": 296,
    "null": 4,
    "Tie": 4
  },
  "position_bias_A": 0.5,
  "per_domain": {
    "code": {
      "n": 160,
      "accuracy": 0.78125,
      "macro_f1": 0.7811730686569498
    },
    "general": {
      "n": 340,
      "accuracy": 0.7588235294117647,
      "macro_f1": 0.7586899321423626
    },
    "stem": {
      "n": 92,
      "accuracy": 0.8260869565217391,
      "macro_f1": 0.8247619047619048
    }
  },
  "inference_time_s": 467.0100929737091,
  "n_samples_total": 600,
  "n_samples_evaluable": 600,
  "tie_rate": 0.006666666666666667,
  "tie_delta": 0.0,
  "avg_checklist_length": 8.360068259385665,
  "item_tie_rate": 0.1732865282865283,
  "trace_parse_rate": 0.9766666666666667,
  "judge_adapter": "/root/autodl-tmp/Thesis/checkpoints/judge_sft_swift_Qwen3.5-4B_train_debug_5k_selfcheck_r16_lr3e-5/v1-20260506-170128/checkpoint-200",
  "judge_mode": "local",
  "base_model": "/root/autodl-tmp/Thesis/models/Qwen3.5-4B"
}