{
  "n_total": 1073,
  "n_valid": 970,
  "n_tie": 1,
  "n_unparseable": 102,
  "parse_rate": 0.9049394221808015,
  "accuracy": 0.7896907216494845,
  "macro_f1": 0.7896469027451781,
  "classification_report": {
    "A": {
      "precision": 0.7768924302788844,
      "recall": 0.8091286307053942,
      "f1-score": 0.7926829268292683,
      "support": 482.0
    },
    "B": {
      "precision": 0.8034188034188035,
      "recall": 0.7704918032786885,
      "f1-score": 0.7866108786610879,
      "support": 488.0
    },
    "accuracy": 0.7896907216494845,
    "macro avg": {
      "precision": 0.790155616848844,
      "recall": 0.7898102169920413,
      "f1-score": 0.7896469027451781,
      "support": 970.0
    },
    "weighted avg": {
      "precision": 0.7902376571781426,
      "recall": 0.7896907216494845,
      "f1-score": 0.7896281232147611,
      "support": 970.0
    }
  },
  "pred_distribution": {
    "null": 102,
    "A": 502,
    "B": 468,
    "Tie": 1
  },
  "position_bias_A": 0.5175257731958763,
  "per_domain": {
    "code": {
      "n": 247,
      "accuracy": 0.8663967611336032,
      "macro_f1": 0.8660806703359896
    },
    "general": {
      "n": 575,
      "accuracy": 0.7565217391304347,
      "macro_f1": 0.7565210027100271
    },
    "stem": {
      "n": 148,
      "accuracy": 0.7905405405405406,
      "macro_f1": 0.7905309774916678
    }
  },
  "inference_time_s": 580.4394471645355,
  "n_samples_total": 1073,
  "n_samples_evaluable": 1073,
  "tie_rate": 0.0009319664492078285,
  "tie_delta": 0.0,
  "avg_checklist_length": 7.373449131513648,
  "item_tie_rate": 0.14650721687638785,
  "trace_parse_rate": 0.7511649580615097,
  "judge_adapter": "/root/autodl-tmp/Thesis/checkpoints/judge_sft_swift_Qwen3.5-4B_train_debug_5k_selfcheck_r8_lr1e-4/v3-20260504-233716/checkpoint-558",
  "judge_mode": "local",
  "base_model": "/root/autodl-tmp/Thesis/models/Qwen3.5-4B"
}