{
  "n_total": 600,
  "n_valid": 598,
  "n_tie": 1,
  "n_unparseable": 1,
  "parse_rate": 0.9983333333333333,
  "accuracy": 0.6906354515050167,
  "macro_f1": 0.6836277428413735,
  "classification_report": {
    "A": {
      "precision": 0.6502590673575129,
      "recall": 0.8338870431893688,
      "f1-score": 0.7307132459970888,
      "support": 301.0
    },
    "B": {
      "precision": 0.7641509433962265,
      "recall": 0.5454545454545454,
      "f1-score": 0.6365422396856582,
      "support": 297.0
    },
    "accuracy": 0.6906354515050167,
    "macro avg": {
      "precision": 0.7072050053768697,
      "recall": 0.6896707943219571,
      "f1-score": 0.6836277428413735,
      "support": 598.0
    },
    "weighted avg": {
      "precision": 0.7068240960924592,
      "recall": 0.6906354515050167,
      "f1-score": 0.6839426960397395,
      "support": 598.0
    }
  },
  "pred_distribution": {
    "B": 212,
    "A": 386,
    "null": 1,
    "Tie": 1
  },
  "position_bias_A": 0.6454849498327759,
  "per_domain": {
    "code": {
      "n": 161,
      "accuracy": 0.7515527950310559,
      "macro_f1": 0.7432216905901117
    },
    "general": {
      "n": 343,
      "accuracy": 0.6705539358600583,
      "macro_f1": 0.6634013321869925
    },
    "stem": {
      "n": 94,
      "accuracy": 0.6595744680851063,
      "macro_f1": 0.6556776556776557
    }
  },
  "inference_time_s": 216.93742060661316,
  "n_samples_total": 600,
  "n_samples_evaluable": 600,
  "tie_rate": 0.0016666666666666668,
  "tie_delta": 0.0,
  "avg_checklist_length": 11.219063545150501,
  "item_tie_rate": 0.20698625046451133,
  "trace_parse_rate": 0.9966666666666667,
  "judge_adapter": "/root/autodl-tmp/Thesis/checkpoints/judge_grpo_Qwen3.5-4B_train_tier_10k_winner_only_v1_lr1e-5_b0.04/v0-20260507-183315/checkpoint-50",
  "judge_mode": "local",
  "base_model": "/root/autodl-tmp/Thesis/models/Qwen3.5-9B"
}