{
  "n_total": 600,
  "n_valid": 600,
  "n_tie": 0,
  "n_unparseable": 0,
  "parse_rate": 1.0,
  "accuracy": 0.6833333333333333,
  "macro_f1": 0.683319258633717,
  "classification_report": {
    "A": {
      "precision": 0.6831683168316832,
      "recall": 0.6877076411960132,
      "f1-score": 0.6854304635761589,
      "support": 301.0
    },
    "B": {
      "precision": 0.6835016835016835,
      "recall": 0.6789297658862876,
      "f1-score": 0.6812080536912751,
      "support": 299.0
    },
    "accuracy": 0.6833333333333333,
    "macro avg": {
      "precision": 0.6833350001666834,
      "recall": 0.6833187035411504,
      "f1-score": 0.683319258633717,
      "support": 600.0
    },
    "weighted avg": {
      "precision": 0.6833344445555667,
      "recall": 0.6833333333333333,
      "f1-score": 0.683326295983525,
      "support": 600.0
    }
  },
  "pred_distribution": {
    "B": 297,
    "A": 303
  },
  "position_bias_A": 0.505,
  "per_domain": {
    "code": {
      "n": 161,
      "accuracy": 0.7701863354037267,
      "macro_f1": 0.7689025099895256
    },
    "general": {
      "n": 345,
      "accuracy": 0.6521739130434783,
      "macro_f1": 0.6521476104053237
    },
    "stem": {
      "n": 94,
      "accuracy": 0.648936170212766,
      "macro_f1": 0.6479400749063671
    }
  },
  "inference_time_s": 67.2215268611908,
  "samples_per_second": 8.925712164184711,
  "model_id": "/root/autodl-tmp/Thesis/models/Qwen3.5-4B",
  "backend": "vllm",
  "tensor_parallel_size": 1,
  "max_model_len": 16384
}