{
  "n_total": 600,
  "n_valid": 600,
  "n_tie": 0,
  "n_unparseable": 0,
  "parse_rate": 1.0,
  "accuracy": 0.6016666666666667,
  "macro_f1": 0.5985341176009473,
  "classification_report": {
    "A": {
      "precision": 0.5880681818181818,
      "recall": 0.6877076411960132,
      "f1-score": 0.6339969372128637,
      "support": 301.0
    },
    "B": {
      "precision": 0.6209677419354839,
      "recall": 0.5150501672240803,
      "f1-score": 0.5630712979890311,
      "support": 299.0
    },
    "accuracy": 0.6016666666666667,
    "macro avg": {
      "precision": 0.6045179618768328,
      "recall": 0.6013789042100468,
      "f1-score": 0.5985341176009473,
      "support": 600.0
    },
    "weighted avg": {
      "precision": 0.6044631292766373,
      "recall": 0.6016666666666667,
      "f1-score": 0.5986523269996538,
      "support": 600.0
    }
  },
  "pred_distribution": {
    "A": 352,
    "B": 248
  },
  "position_bias_A": 0.5866666666666667,
  "per_domain": {
    "code": {
      "n": 161,
      "accuracy": 0.6521739130434783,
      "macro_f1": 0.6498912705809257
    },
    "general": {
      "n": 345,
      "accuracy": 0.5797101449275363,
      "macro_f1": 0.5745486090439782
    },
    "stem": {
      "n": 94,
      "accuracy": 0.5957446808510638,
      "macro_f1": 0.5955615942028986
    }
  },
  "inference_time_s": 180.9272277355194,
  "samples_per_second": 3.3162504478158694,
  "model_id": "/root/autodl-tmp/Thesis/models/Qwen3.5-4B",
  "backend": "vllm",
  "tensor_parallel_size": 1,
  "max_model_len": 9106,
  "enable_thinking": true
}