{"eval/rewards/accuracies":0.5323916220165611,"train/global_step":313,"train/entropy":NaN,"train/learning_rate":1.3201320132013201e-08,"eval/logits/chosen":-1.8136066772616215,"eval/runtime":502.8472,"_step":36,"train/logps/chosen":-279.6721802055836,"eval/rewards/margins":0.014388896747473201,"eval/mean_token_accuracy":0.71128986014486,"eval/rewards/chosen":0.07108687651518437,"train/logps/rejected":-251.40240995287894,"train/rewards/margins":0.02159719337360002,"train_samples_per_second":1.122,"eval/samples_per_second":4.083,"train_runtime":8912.0594,"train_loss":0.6917276489087187,"train/rewards/accuracies":0.503125,"train/logits/chosen":-1.8348034007621492,"train/loss":0.6844994068145752,"eval/num_tokens":1.8871932e+07,"eval/logps/chosen":-260.15294335147433,"train_steps_per_second":0.035,"eval/entropy":NaN,"train/logits/rejected":-1.862624016006779,"train/grad_norm":0.10024022310972214,"eval/steps_per_second":4.083,"total_flos":9.712128269954212e+17,"train/mean_token_accuracy":0.7082070806995034,"eval/logps/rejected":-226.16344329501382,"train/num_tokens":1.871481e+07,"_timestamp":1.7756584061853707e+09,"eval/loss":0.6882861852645874,"train/epoch":1,"eval/logits/rejected":-1.825910003555991,"eval/rewards/rejected":0.05669797979991782,"train/rewards/chosen":0.07569213689348545,"_wandb":{"runtime":8909},"train/rewards/rejected":0.054094943319142885,"_runtime":8909}