{
  "n_total": 200,
  "n_valid": 114,
  "n_tie": 86,
  "n_unparseable": 0,
  "parse_rate": 0.57,
  "accuracy": 0.6578947368421053,
  "macro_f1": 0.656599984552406,
  "classification_report": {
    "A": {
      "precision": 0.723404255319149,
      "recall": 0.5666666666666667,
      "f1-score": 0.6355140186915887,
      "support": 60.0
    },
    "B": {
      "precision": 0.6119402985074627,
      "recall": 0.7592592592592593,
      "f1-score": 0.6776859504132231,
      "support": 54.0
    },
    "accuracy": 0.6578947368421053,
    "macro avg": {
      "precision": 0.6676722769133059,
      "recall": 0.662962962962963,
      "f1-score": 0.656599984552406,
      "support": 114.0
    },
    "weighted avg": {
      "precision": 0.6706055389346659,
      "recall": 0.6578947368421053,
      "f1-score": 0.6554901968755208,
      "support": 114.0
    }
  },
  "pred_distribution": {
    "Tie": 86,
    "A": 47,
    "B": 67
  },
  "position_bias_A": 0.41228070175438597,
  "per_domain": {
    "code": {
      "n": 41,
      "accuracy": 0.6829268292682927,
      "macro_f1": 0.6829268292682927
    },
    "general": {
      "n": 35,
      "accuracy": 0.6285714285714286,
      "macro_f1": 0.6273546273546273
    },
    "stem": {
      "n": 38,
      "accuracy": 0.6578947368421053,
      "macro_f1": 0.6518675123326286
    }
  },
  "policy": "learned_topk",
  "k": 15,
  "score_method": "compare_checklists_pairwise",
  "tie_delta": 0.05,
  "aggregate_na_policy": "as_no",
  "aggregate_coverage_threshold": 0.8,
  "question_weights": null,
  "weight_column": null,
  "weight_transform": null,
  "weight_temperature": null,
  "weighted_na_policy": null,
  "tau_escalate": 0.05,
  "tau_hard": 0.03,
  "n_min": 8,
  "avg_k": 15.0,
  "tie_rate": 0.43,
  "parse_ok_rate": 0.995,
  "selector_inference_time_s": 0.0,
  "selector_picks": "results/dynamic_dev_600/selector_v4bank_v4hr_noOracleFilter_best_k15_td005_pairwise/predictions.parquet",
  "judge_mode": "local",
  "judge_url": null,
  "judge_model": "models/Qwen3.5-4B",
  "http_extra_body": null,
  "http_reasoning_effort": null,
  "http_resume_cache": null,
  "latency_p50_s": 0.16362403512001036,
  "latency_p90_s": 0.16362403512001036,
  "samples_per_second_estimate": 6.111571562616384
}